47, Kirbie, Folks ,Suspended, Female, 5-1-25
904, Gusella, Goracci ,Suspended, Female, 5-1-33
307, Jena, Dusey ,Suspended, Female, 5-1-37
495, Carilyn, Heliet ,Suspended, Female, 5-11-20
491, Haskel, Bamsey ,Suspended, Male, 5-11-36
785, Cecily, Philips ,Suspended, Female, 5-2-13
456, Marcus, Spyby ,Suspended, Male, 5-2-33
798, Mathilda, Skipping ,Suspended, Female, 5-2-37
774, Pippa, Perin ,Suspended, Female, 6-1-16
99, Rickard, Fearey ,Suspended, Male, 6-1-34
136, Roseline, Aynsley ,Suspended, Female, 6-10-20
566, Luca, de Merida ,Suspended, Male, 6-11-25
730, Merry, Mohring ,Suspended, Male, 6-11-25
138, Vilhelmina, Walding ,Suspended, Female, 6-11-27
406, Flinn, Commusso ,Suspended, Male, 6-11-33
130, Babs, Garms ,Suspended, Female, 6-11-6
164, Margalit, Jenner ,Suspended, Female, 6-2-16
982, Gilbertine, Capel ,Suspended, Female, 6-2-24
40, Marcelia, Lowndsborough ,Suspended, Female, 6-2-7
713, Ferrell, Bedford ,Suspended, Male, 6-9-10
935, Harriet, Corbridge ,Suspended, Female, 6-9-11
560, Jeanie, Pottiphar ,Suspended, Female, 6-9-18
838, Brockie, Hibbart ,Suspended, Male, 6-9-21
94, Monti, Whittam ,Suspended, Male, 6-9-23
968, Raff, Beldham ,Suspended, Male, 6-9-29
393, Charin, Linkleter ,Suspended, Female, 6-9-34
83, Clarey, Theobalds ,Suspended, Female, 6-9-7
415, Emilee, Ofield ,Suspended, Female, 7-10-14
615, Corri, Hawkswood ,Suspended, Female, 7-10-14
93, Vin, Trangmar ,Suspended, Female, 7-10-30
637, Terra, Chiplen ,Suspended, Female, 7-12-22
558, Glyn, Duthie ,Suspended, Male, 7-12-25
578, Lesley, Petri ,Suspended, Female, 7-12-27
702, Brynn, Capron ,Suspended, Female, 7-12-9
376, Sheree, Guerry ,Suspended, Female, 8-3-13
591, Monro, Overland ,Suspended, Male, 8-3-17
187, Billi, Tye ,Suspended, Female, 8-3-21
667, Salomo, Matthensen ,Suspended, Male, 8-3-25
446, Leslie, Birdwhistle ,Suspended, Male, 8-3-28
268, Daryn, Barks ,Suspended, Female, 8-4-18
440, Ajay, Taks ,Suspended, Female, 8-4-26
695, Meghann, Derisley ,Suspended, Female, 8-4-7
328, Humphrey, Rubenovic ,Suspended, Male, 8-5-25
288, Edi, Mc Giffin ,Suspended, Female, 8-5-28
552, Isabel, Cully ,Suspended, Female, 8-6-14
816, Farand, Jephcote ,Suspended, Female, 8-6-14
263, Netta, Pickston ,Suspended, Female, 8-6-23
115, Dana, Colin ,Suspended, Female, 8-6-31
775, Boone, Geharke ,Suspended, Male, 8-8-17
36, Marshall, Dollin ,Suspended, Male, 8-8-9
103, Fernando, Woodburn ,Suspended, Male, 9-3-11
733, Shepard, Benezeit ,Suspended, Male, 9-3-22
88, Calida, Mee ,Suspended, Female, 9-3-22
685, Tim, Matteris ,Suspended, Male, 9-3-23
360, Sergeant, Kruschov ,Suspended, Male, 9-3-27
840, Morrie, Veale ,Suspended, Male, 9-5-11
868, Brett, Bowyer ,Suspended, Male, 9-7-27
98, Quill, Plitz ,Suspended, Male, 9-7-34
371, Edd, Saylor ,Suspended, Male, 9-7-7
186, Dorolice, Wynrahame ,Suspended, Female, 9-8-22
47, Kirbie, Folks ,Suspended, Female, 5-1-25
904, Gusella, Goracci ,Suspended, Female, 5-1-33
307, Jena, Dusey ,Suspended, Female, 5-1-37
495, Carilyn, Heliet ,Suspended, Female, 5-11-20
491, Haskel, Bamsey ,Suspended, Male, 5-11-36
785, Cecily, Philips ,Suspended, Female, 5-2-13
456, Marcus, Spyby ,Suspended, Male, 5-2-33
798, Mathilda, Skipping ,Suspended, Female, 5-2-37
774, Pippa, Perin ,Suspended, Female, 6-1-16
99, Rickard, Fearey ,Suspended, Male, 6-1-34
136, Roseline, Aynsley ,Suspended, Female, 6-10-20
566, Luca, de Merida ,Suspended, Male, 6-11-25
730, Merry, Mohring ,Suspended, Male, 6-11-25
138, Vilhelmina, Walding ,Suspended, Female, 6-11-27
406, Flinn, Commusso ,Suspended, Male, 6-11-33
130, Babs, Garms ,Suspended, Female, 6-11-6
164, Margalit, Jenner ,Suspended, Female, 6-2-16
982, Gilbertine, Capel ,Suspended, Female, 6-2-24
40, Marcelia, Lowndsborough ,Suspended, Female, 6-2-7
713, Ferrell, Bedford ,Suspended, Male, 6-9-10
935, Harriet, Corbridge ,Suspended, Female, 6-9-11
560, Jeanie, Pottiphar ,Suspended, Female, 6-9-18
838, Brockie, Hibbart ,Suspended, Male, 6-9-21
94, Monti, Whittam ,Suspended, Male, 6-9-23
968, Raff, Beldham ,Suspended, Male, 6-9-29
393, Charin, Linkleter ,Suspended, Female, 6-9-34
83, Clarey, Theobalds ,Suspended, Female, 6-9-7
415, Emilee, Ofield ,Suspended, Female, 7-10-14
615, Corri, Hawkswood ,Suspended, Female, 7-10-14
93, Vin, Trangmar ,Suspended, Female, 7-10-30
637, Terra, Chiplen ,Suspended, Female, 7-12-22
558, Glyn, Duthie ,Suspended, Male, 7-12-25
578, Lesley, Petri ,Suspended, Female, 7-12-27
702, Brynn, Capron ,Suspended, Female, 7-12-9
376, Sheree, Guerry ,Suspended, Female, 8-3-13
591, Monro, Overland ,Suspended, Male, 8-3-17
187, Billi, Tye ,Suspended, Female, 8-3-21
667, Salomo, Matthensen ,Suspended, Male, 8-3-25
446, Leslie, Birdwhistle ,Suspended, Male, 8-3-28
268, Daryn, Barks ,Suspended, Female, 8-4-18
440, Ajay, Taks ,Suspended, Female, 8-4-26
695, Meghann, Derisley ,Suspended, Female, 8-4-7
328, Humphrey, Rubenovic ,Suspended, Male, 8-5-25
288, Edi, Mc Giffin ,Suspended, Female, 8-5-28
552, Isabel, Cully ,Suspended, Female, 8-6-14
816, Farand, Jephcote ,Suspended, Female, 8-6-14
263, Netta, Pickston ,Suspended, Female, 8-6-23
115, Dana, Colin ,Suspended, Female, 8-6-31
775, Boone, Geharke ,Suspended, Male, 8-8-17
36, Marshall, Dollin ,Suspended, Male, 8-8-9
103, Fernando, Woodburn ,Suspended, Male, 9-3-11
733, Shepard, Benezeit ,Suspended, Male, 9-3-22
88, Calida, Mee ,Suspended, Female, 9-3-22
685, Tim, Matteris ,Suspended, Male, 9-3-23
360, Sergeant, Kruschov ,Suspended, Male, 9-3-27
840, Morrie, Veale ,Suspended, Male, 9-5-11
868, Brett, Bowyer ,Suspended, Male, 9-7-27
98, Quill, Plitz ,Suspended, Male, 9-7-34
371, Edd, Saylor ,Suspended, Male, 9-7-7
186, Dorolice, Wynrahame ,Suspended, Female, 9-8-22
47, Kirbie, Folks ,Suspended, Female, 5-1-25
904, Gusella, Goracci ,Suspended, Female, 5-1-33
307, Jena, Dusey ,Suspended, Female, 5-1-37
495, Carilyn, Heliet ,Suspended, Female, 5-11-20
491, Haskel, Bamsey ,Suspended, Male, 5-11-36
785, Cecily, Philips ,Suspended, Female, 5-2-13
456, Marcus, Spyby ,Suspended, Male, 5-2-33
798, Mathilda, Skipping ,Suspended, Female, 5-2-37
774, Pippa, Perin ,Suspended, Female, 6-1-16
99, Rickard, Fearey ,Suspended, Male, 6-1-34
136, Roseline, Aynsley ,Suspended, Female, 6-10-20
566, Luca, de Merida ,Suspended, Male, 6-11-25
730, Merry, Mohring ,Suspended, Male, 6-11-25
138, Vilhelmina, Walding ,Suspended, Female, 6-11-27
406, Flinn, Commusso ,Suspended, Male, 6-11-33
130, Babs, Garms ,Suspended, Female, 6-11-6
164, Margalit, Jenner ,Suspended, Female, 6-2-16
982, Gilbertine, Capel ,Suspended, Female, 6-2-24
40, Marcelia, Lowndsborough ,Suspended, Female, 6-2-7
713, Ferrell, Bedford ,Suspended, Male, 6-9-10
935, Harriet, Corbridge ,Suspended, Female, 6-9-11
560, Jeanie, Pottiphar ,Suspended, Female, 6-9-18
838, Brockie, Hibbart ,Suspended, Male, 6-9-21
94, Monti, Whittam ,Suspended, Male, 6-9-23
968, Raff, Beldham ,Suspended, Male, 6-9-29
393, Charin, Linkleter ,Suspended, Female, 6-9-34
83, Clarey, Theobalds ,Suspended, Female, 6-9-7
415, Emilee, Ofield ,Suspended, Female, 7-10-14
615, Corri, Hawkswood ,Suspended, Female, 7-10-14
93, Vin, Trangmar ,Suspended, Female, 7-10-30
637, Terra, Chiplen ,Suspended, Female, 7-12-22
558, Glyn, Duthie ,Suspended, Male, 7-12-25
578, Lesley, Petri ,Suspended, Female, 7-12-27
702, Brynn, Capron ,Suspended, Female, 7-12-9
376, Sheree, Guerry ,Suspended, Female, 8-3-13
591, Monro, Overland ,Suspended, Male, 8-3-17
187, Billi, Tye ,Suspended, Female, 8-3-21
667, Salomo, Matthensen ,Suspended, Male, 8-3-25
446, Leslie, Birdwhistle ,Suspended, Male, 8-3-28
268, Daryn, Barks ,Suspended, Female, 8-4-18
440, Ajay, Taks ,Suspended, Female, 8-4-26
695, Meghann, Derisley ,Suspended, Female, 8-4-7
328, Humphrey, Rubenovic ,Suspended, Male, 8-5-25
288, Edi, Mc Giffin ,Suspended, Female, 8-5-28
552, Isabel, Cully ,Suspended, Female, 8-6-14
816, Farand, Jephcote ,Suspended, Female, 8-6-14
263, Netta, Pickston ,Suspended, Female, 8-6-23
115, Dana, Colin ,Suspended, Female, 8-6-31
775, Boone, Geharke ,Suspended, Male, 8-8-17
36, Marshall, Dollin ,Suspended, Male, 8-8-9
103, Fernando, Woodburn ,Suspended, Male, 9-3-11
733, Shepard, Benezeit ,Suspended, Male, 9-3-22
88, Calida, Mee ,Suspended, Female, 9-3-22
685, Tim, Matteris ,Suspended, Male, 9-3-23
360, Sergeant, Kruschov ,Suspended, Male, 9-3-27
840, Morrie, Veale ,Suspended, Male, 9-5-11
868, Brett, Bowyer ,Suspended, Male, 9-7-27
98, Quill, Plitz ,Suspended, Male, 9-7-34
371, Edd, Saylor ,Suspended, Male, 9-7-7
186, Dorolice, Wynrahame ,Suspended, Female, 9-8-22
47, Kirbie, Folks ,Suspended, Female, 5-1-25
904, Gusella, Goracci ,Suspended, Female, 5-1-33
307, Jena, Dusey ,Suspended, Female, 5-1-37
495, Carilyn, Heliet ,Suspended, Female, 5-11-20
491, Haskel, Bamsey ,Suspended, Male, 5-11-36
785, Cecily, Philips ,Suspended, Female, 5-2-13
456, Marcus, Spyby ,Suspended, Male, 5-2-33
798, Mathilda, Skipping ,Suspended, Female, 5-2-37
774, Pippa, Perin ,Suspended, Female, 6-1-16
99, Rickard, Fearey ,Suspended, Male, 6-1-34
136, Roseline, Aynsley ,Suspended, Female, 6-10-20
566, Luca, de Merida ,Suspended, Male, 6-11-25
730, Merry, Mohring ,Suspended, Male, 6-11-25
138, Vilhelmina, Walding ,Suspended, Female, 6-11-27
406, Flinn, Commusso ,Suspended, Male, 6-11-33
130, Babs, Garms ,Suspended, Female, 6-11-6
164, Margalit, Jenner ,Suspended, Female, 6-2-16
982, Gilbertine, Capel ,Suspended, Female, 6-2-24
40, Marcelia, Lowndsborough ,Suspended, Female, 6-2-7
713, Ferrell, Bedford ,Suspended, Male, 6-9-10
935, Harriet, Corbridge ,Suspended, Female, 6-9-11
560, Jeanie, Pottiphar ,Suspended, Female, 6-9-18
838, Brockie, Hibbart ,Suspended, Male, 6-9-21
94, Monti, Whittam ,Suspended, Male, 6-9-23
968, Raff, Beldham ,Suspended, Male, 6-9-29
393, Charin, Linkleter ,Suspended, Female, 6-9-34
83, Clarey, Theobalds ,Suspended, Female, 6-9-7
415, Emilee, Ofield ,Suspended, Female, 7-10-14
615, Corri, Hawkswood ,Suspended, Female, 7-10-14
93, Vin, Trangmar ,Suspended, Female, 7-10-30
637, Terra, Chiplen ,Suspended, Female, 7-12-22
558, Glyn, Duthie ,Suspended, Male, 7-12-25
578, Lesley, Petri ,Suspended, Female, 7-12-27
702, Brynn, Capron ,Suspended, Female, 7-12-9
376, Sheree, Guerry ,Suspended, Female, 8-3-13
591, Monro, Overland ,Suspended, Male, 8-3-17
187, Billi, Tye ,Suspended, Female, 8-3-21
667, Salomo, Matthensen ,Suspended, Male, 8-3-25
446, Leslie, Birdwhistle ,Suspended, Male, 8-3-28
268, Daryn, Barks ,Suspended, Female, 8-4-18
440, Ajay, Taks ,Suspended, Female, 8-4-26
695, Meghann, Derisley ,Suspended, Female, 8-4-7
328, Humphrey, Rubenovic ,Suspended, Male, 8-5-25
288, Edi, Mc Giffin ,Suspended, Female, 8-5-28
552, Isabel, Cully ,Suspended, Female, 8-6-14
816, Farand, Jephcote ,Suspended, Female, 8-6-14
263, Netta, Pickston ,Suspended, Female, 8-6-23
115, Dana, Colin ,Suspended, Female, 8-6-31
775, Boone, Geharke ,Suspended, Male, 8-8-17
36, Marshall, Dollin ,Suspended, Male, 8-8-9
103, Fernando, Woodburn ,Suspended, Male, 9-3-11
733, Shepard, Benezeit ,Suspended, Male, 9-3-22
88, Calida, Mee ,Suspended, Female, 9-3-22
685, Tim, Matteris ,Suspended, Male, 9-3-23
360, Sergeant, Kruschov ,Suspended, Male, 9-3-27
840, Morrie, Veale ,Suspended, Male, 9-5-11
868, Brett, Bowyer ,Suspended, Male, 9-7-27
98, Quill, Plitz ,Suspended, Male, 9-7-34
371, Edd, Saylor ,Suspended, Male, 9-7-7
186, Dorolice, Wynrahame ,Suspended, Female, 9-8-22
47, Kirbie, Folks ,Suspended, Female, 5-1-25
904, Gusella, Goracci ,Suspended, Female, 5-1-33
307, Jena, Dusey ,Suspended, Female, 5-1-37
495, Carilyn, Heliet ,Suspended, Female, 5-11-20
491, Haskel, Bamsey ,Suspended, Male, 5-11-36
785, Cecily, Philips ,Suspended, Female, 5-2-13
456, Marcus, Spyby ,Suspended, Male, 5-2-33
798, Mathilda, Skipping ,Suspended, Female, 5-2-37
774, Pippa, Perin ,Suspended, Female, 6-1-16
99, Rickard, Fearey ,Suspended, Male, 6-1-34
136, Roseline, Aynsley ,Suspended, Female, 6-10-20
566, Luca, de Merida ,Suspended, Male, 6-11-25
730, Merry, Mohring ,Suspended, Male, 6-11-25
138, Vilhelmina, Walding ,Suspended, Female, 6-11-27
406, Flinn, Commusso ,Suspended, Male, 6-11-33
130, Babs, Garms ,Suspended, Female, 6-11-6
164, Margalit, Jenner ,Suspended, Female, 6-2-16
982, Gilbertine, Capel ,Suspended, Female, 6-2-24
40, Marcelia, Lowndsborough ,Suspended, Female, 6-2-7
713, Ferrell, Bedford ,Suspended, Male, 6-9-10
935, Harriet, Corbridge ,Suspended, Female, 6-9-11
560, Jeanie, Pottiphar ,Suspended, Female, 6-9-18
838, Brockie, Hibbart ,Suspended, Male, 6-9-21
94, Monti, Whittam ,Suspended, Male, 6-9-23
968, Raff, Beldham ,Suspended, Male, 6-9-29
393, Charin, Linkleter ,Suspended, Female, 6-9-34
83, Clarey, Theobalds ,Suspended, Female, 6-9-7
415, Emilee, Ofield ,Suspended, Female, 7-10-14
615, Corri, Hawkswood ,Suspended, Female, 7-10-14
93, Vin, Trangmar ,Suspended, Female, 7-10-30
637, Terra, Chiplen ,Suspended, Female, 7-12-22
558, Glyn, Duthie ,Suspended, Male, 7-12-25
578, Lesley, Petri ,Suspended, Female, 7-12-27
702, Brynn, Capron ,Suspended, Female, 7-12-9
376, Sheree, Guerry ,Suspended, Female, 8-3-13
591, Monro, Overland ,Suspended, Male, 8-3-17
187, Billi, Tye ,Suspended, Female, 8-3-21
667, Salomo, Matthensen ,Suspended, Male, 8-3-25
446, Leslie, Birdwhistle ,Suspended, Male, 8-3-28
268, Daryn, Barks ,Suspended, Female, 8-4-18
440, Ajay, Taks ,Suspended, Female, 8-4-26
695, Meghann, Derisley ,Suspended, Female, 8-4-7
328, Humphrey, Rubenovic ,Suspended, Male, 8-5-25
288, Edi, Mc Giffin ,Suspended, Female, 8-5-28
552, Isabel, Cully ,Suspended, Female, 8-6-14
816, Farand, Jephcote ,Suspended, Female, 8-6-14
263, Netta, Pickston ,Suspended, Female, 8-6-23
115, Dana, Colin ,Suspended, Female, 8-6-31
775, Boone, Geharke ,Suspended, Male, 8-8-17
36, Marshall, Dollin ,Suspended, Male, 8-8-9
103, Fernando, Woodburn ,Suspended, Male, 9-3-11
733, Shepard, Benezeit ,Suspended, Male, 9-3-22
88, Calida, Mee ,Suspended, Female, 9-3-22
685, Tim, Matteris ,Suspended, Male, 9-3-23
360, Sergeant, Kruschov ,Suspended, Male, 9-3-27
840, Morrie, Veale ,Suspended, Male, 9-5-11
868, Brett, Bowyer ,Suspended, Male, 9-7-27
98, Quill, Plitz ,Suspended, Male, 9-7-34
371, Edd, Saylor ,Suspended, Male, 9-7-7
186, Dorolice, Wynrahame ,Suspended, Female, 9-8-22
