252, Kin, Bradbury ,Suspended, Male, 4-11-12
522, Maris, Growcock ,Suspended, Female, 4-11-16
426, Daffy, English ,Suspended, Female, 4-11-32
83, Amelita, Duke ,Suspended, Female, 4-2-21
174, Birch, Emerine ,Suspended, Male, 4-2-25
781, Ambrosius, Mullaly ,Suspended, Male, 4-2-25
239, Perren, Zelake ,Suspended, Male, 4-9-12
717, Sasha, Shelmerdine ,Suspended, Male, 5-1-14
414, Kimberly, Ezzle ,Suspended, Female, 5-1-16
377, Fleurette, Jiras ,Suspended, Female, 5-1-18
368, Alley, Hedworth ,Suspended, Male, 5-1-35
561, Reece, Antosch ,Suspended, Male, 5-1-8
234, Netti, Khoter ,Suspended, Female, 5-1-8
209, Tally, Holdey ,Suspended, Male, 5-10-16
750, Axe, Leheude ,Suspended, Male, 5-11-13
670, Legra, Keiley ,Suspended, Female, 5-11-13
180, Noah, Ingon ,Suspended, Male, 5-11-14
223, Jinny, Dencs ,Suspended, Female, 5-11-25
319, Penrod, Greenlies ,Suspended, Male, 5-11-29
921, Morlee, Harnott ,Suspended, Male, 5-11-30
282, Dudley, Pelcheur ,Suspended, Male, 5-11-33
168, Maritsa, Sworder ,Suspended, Female, 5-11-34
417, Wade, Savery ,Suspended, Male, 5-12-12
22, Salim, Dooney ,Suspended, Male, 5-12-20
262, Archie, Arnout ,Suspended, Male, 5-12-8
449, Twyla, Knatt ,Suspended, Female, 5-2-11
340, Tobiah, Prigmore ,Suspended, Male, 5-2-19
558, Francyne, Heamus ,Suspended, Female, 5-2-31
206, Jessica, Shankster ,Suspended, Female, 5-2-32
144, Alexis, O'Hara ,Suspended, Female, 5-9-17
284, Kristoffer, Smeath ,Suspended, Male, 5-9-22
309, Alexandrina, Duncan ,Suspended, Female, 5-9-25
151, Nerta, Jaray ,Suspended, Female, 6-10-15
84, Nefen, Corder ,Suspended, Male, 6-10-17
454, Javier, Costi ,Suspended, Male, 6-10-22
534, Angie, Stillert ,Suspended, Female, 6-10-22
479, Caryl, Luis ,Suspended, Male, 6-10-25
53, Marlo, Targe ,Suspended, Male, 6-10-25
335, Ainslie, Simond ,Suspended, Female, 6-10-34
990, Blithe, McShirie ,Suspended, Female, 6-12-25
117, Brooke, Hambatch ,Suspended, Male, 6-12-35
392, Gail, Reitenbach ,Suspended, Male, 6-4-12
166, Angelita, Roads ,Suspended, Female, 6-4-37
375, Fredrick, Radborn ,Suspended, Male, 6-4-8
587, Katlin, Greatbach ,Suspended, Female, 6-4-9
27, Gauthier, Hargerie ,Suspended, Male, 6-6-12
808, Thaine, Mercy ,Suspended, Male, 6-6-13
75, Lynett, Beautyman ,Suspended, Female, 6-6-13
25, Oliver, Slay ,Suspended, Male, 6-6-20
177, Katerine, Tidbury ,Suspended, Female, 6-6-21
414, Briney, Alvy ,Suspended, Female, 7-3-17
336, Ellyn, Giacubbo ,Suspended, Female, 7-3-24
620, Roarke, Pursehouse ,Suspended, Male, 7-3-25
645, Hermann, Gisbourn ,Suspended, Male, 7-3-25
320, Saunderson, Kenworthey ,Suspended, Male, 7-3-32
232, Reynolds, Glasgow ,Suspended, Male, 7-3-33
190, Annecorinne, MacCaughen ,Suspended, Female, 7-3-9
205, Cahra, Breawood ,Suspended, Female, 7-4-19
104, Sibeal, Guyet ,Suspended, Female, 7-5-12
698, Esma, Maffin ,Suspended, Female, 7-5-21
640, Carey, Kendred ,Suspended, Male, 7-5-24
137, Winston, Spencley ,Suspended, Male, 7-5-9
5, Michelle, Codlin ,Suspended, Female, 7-6-14
484, Alric, Lowless ,Suspended, Male, 7-7-13
30, Maurice, Smallridge ,Suspended, Male, 7-7-16
994, Carmelle, Monks ,Suspended, Female, 7-7-24
561, Troy, Ayer ,Suspended, Male, 7-7-25
407, Bret, Joselson ,Suspended, Male, 7-8-24
360, Selig, Birkinshaw ,Suspended, Male, 8-3-10
141, Bunnie, Dorrell ,Suspended, Female, 8-3-11
188, Doria, Huccaby ,Suspended, Female, 8-3-14
588, Nannie, Rickman ,Suspended, Female, 8-3-31
450, Windy, Heinel ,Suspended, Female, 8-3-34
41, Roxanna, Bassilashvili ,Suspended, Female, 8-5-23
447, Tarra, Bisiker ,Suspended, Female, 8-5-27
225, Cyndie, Sellek ,Suspended, Female, 8-7-18
171, Meghan, Bagniuk ,Suspended, Female, 8-7-23
784, Lance, Camerello ,Suspended, Male, 8-7-26
701, Stanislaus, Wohlers ,Suspended, Male, 8-7-31
273, Barbra, Spreull ,Suspended, Female, 8-7-6
773, Doralin, Rodgerson ,Suspended, Female, 8-8-19
626, Garvey, Delyth ,Suspended, Male, 8-8-6
252, Kin, Bradbury ,Suspended, Male, 4-11-12
522, Maris, Growcock ,Suspended, Female, 4-11-16
426, Daffy, English ,Suspended, Female, 4-11-32
83, Amelita, Duke ,Suspended, Female, 4-2-21
174, Birch, Emerine ,Suspended, Male, 4-2-25
781, Ambrosius, Mullaly ,Suspended, Male, 4-2-25
239, Perren, Zelake ,Suspended, Male, 4-9-12
717, Sasha, Shelmerdine ,Suspended, Male, 5-1-14
414, Kimberly, Ezzle ,Suspended, Female, 5-1-16
377, Fleurette, Jiras ,Suspended, Female, 5-1-18
368, Alley, Hedworth ,Suspended, Male, 5-1-35
561, Reece, Antosch ,Suspended, Male, 5-1-8
234, Netti, Khoter ,Suspended, Female, 5-1-8
209, Tally, Holdey ,Suspended, Male, 5-10-16
750, Axe, Leheude ,Suspended, Male, 5-11-13
670, Legra, Keiley ,Suspended, Female, 5-11-13
180, Noah, Ingon ,Suspended, Male, 5-11-14
223, Jinny, Dencs ,Suspended, Female, 5-11-25
319, Penrod, Greenlies ,Suspended, Male, 5-11-29
921, Morlee, Harnott ,Suspended, Male, 5-11-30
282, Dudley, Pelcheur ,Suspended, Male, 5-11-33
168, Maritsa, Sworder ,Suspended, Female, 5-11-34
417, Wade, Savery ,Suspended, Male, 5-12-12
22, Salim, Dooney ,Suspended, Male, 5-12-20
262, Archie, Arnout ,Suspended, Male, 5-12-8
449, Twyla, Knatt ,Suspended, Female, 5-2-11
340, Tobiah, Prigmore ,Suspended, Male, 5-2-19
558, Francyne, Heamus ,Suspended, Female, 5-2-31
206, Jessica, Shankster ,Suspended, Female, 5-2-32
144, Alexis, O'Hara ,Suspended, Female, 5-9-17
284, Kristoffer, Smeath ,Suspended, Male, 5-9-22
309, Alexandrina, Duncan ,Suspended, Female, 5-9-25
151, Nerta, Jaray ,Suspended, Female, 6-10-15
84, Nefen, Corder ,Suspended, Male, 6-10-17
454, Javier, Costi ,Suspended, Male, 6-10-22
534, Angie, Stillert ,Suspended, Female, 6-10-22
479, Caryl, Luis ,Suspended, Male, 6-10-25
53, Marlo, Targe ,Suspended, Male, 6-10-25
335, Ainslie, Simond ,Suspended, Female, 6-10-34
990, Blithe, McShirie ,Suspended, Female, 6-12-25
117, Brooke, Hambatch ,Suspended, Male, 6-12-35
392, Gail, Reitenbach ,Suspended, Male, 6-4-12
166, Angelita, Roads ,Suspended, Female, 6-4-37
375, Fredrick, Radborn ,Suspended, Male, 6-4-8
587, Katlin, Greatbach ,Suspended, Female, 6-4-9
27, Gauthier, Hargerie ,Suspended, Male, 6-6-12
808, Thaine, Mercy ,Suspended, Male, 6-6-13
75, Lynett, Beautyman ,Suspended, Female, 6-6-13
25, Oliver, Slay ,Suspended, Male, 6-6-20
177, Katerine, Tidbury ,Suspended, Female, 6-6-21
414, Briney, Alvy ,Suspended, Female, 7-3-17
336, Ellyn, Giacubbo ,Suspended, Female, 7-3-24
620, Roarke, Pursehouse ,Suspended, Male, 7-3-25
645, Hermann, Gisbourn ,Suspended, Male, 7-3-25
320, Saunderson, Kenworthey ,Suspended, Male, 7-3-32
232, Reynolds, Glasgow ,Suspended, Male, 7-3-33
190, Annecorinne, MacCaughen ,Suspended, Female, 7-3-9
205, Cahra, Breawood ,Suspended, Female, 7-4-19
104, Sibeal, Guyet ,Suspended, Female, 7-5-12
698, Esma, Maffin ,Suspended, Female, 7-5-21
640, Carey, Kendred ,Suspended, Male, 7-5-24
137, Winston, Spencley ,Suspended, Male, 7-5-9
5, Michelle, Codlin ,Suspended, Female, 7-6-14
484, Alric, Lowless ,Suspended, Male, 7-7-13
30, Maurice, Smallridge ,Suspended, Male, 7-7-16
994, Carmelle, Monks ,Suspended, Female, 7-7-24
561, Troy, Ayer ,Suspended, Male, 7-7-25
407, Bret, Joselson ,Suspended, Male, 7-8-24
360, Selig, Birkinshaw ,Suspended, Male, 8-3-10
141, Bunnie, Dorrell ,Suspended, Female, 8-3-11
188, Doria, Huccaby ,Suspended, Female, 8-3-14
588, Nannie, Rickman ,Suspended, Female, 8-3-31
450, Windy, Heinel ,Suspended, Female, 8-3-34
41, Roxanna, Bassilashvili ,Suspended, Female, 8-5-23
447, Tarra, Bisiker ,Suspended, Female, 8-5-27
225, Cyndie, Sellek ,Suspended, Female, 8-7-18
171, Meghan, Bagniuk ,Suspended, Female, 8-7-23
784, Lance, Camerello ,Suspended, Male, 8-7-26
701, Stanislaus, Wohlers ,Suspended, Male, 8-7-31
273, Barbra, Spreull ,Suspended, Female, 8-7-6
773, Doralin, Rodgerson ,Suspended, Female, 8-8-19
626, Garvey, Delyth ,Suspended, Male, 8-8-6
252, Kin, Bradbury ,Suspended, Male, 4-11-12
522, Maris, Growcock ,Suspended, Female, 4-11-16
426, Daffy, English ,Suspended, Female, 4-11-32
83, Amelita, Duke ,Suspended, Female, 4-2-21
174, Birch, Emerine ,Suspended, Male, 4-2-25
781, Ambrosius, Mullaly ,Suspended, Male, 4-2-25
239, Perren, Zelake ,Suspended, Male, 4-9-12
717, Sasha, Shelmerdine ,Suspended, Male, 5-1-14
414, Kimberly, Ezzle ,Suspended, Female, 5-1-16
377, Fleurette, Jiras ,Suspended, Female, 5-1-18
368, Alley, Hedworth ,Suspended, Male, 5-1-35
561, Reece, Antosch ,Suspended, Male, 5-1-8
234, Netti, Khoter ,Suspended, Female, 5-1-8
209, Tally, Holdey ,Suspended, Male, 5-10-16
750, Axe, Leheude ,Suspended, Male, 5-11-13
670, Legra, Keiley ,Suspended, Female, 5-11-13
180, Noah, Ingon ,Suspended, Male, 5-11-14
223, Jinny, Dencs ,Suspended, Female, 5-11-25
319, Penrod, Greenlies ,Suspended, Male, 5-11-29
921, Morlee, Harnott ,Suspended, Male, 5-11-30
282, Dudley, Pelcheur ,Suspended, Male, 5-11-33
168, Maritsa, Sworder ,Suspended, Female, 5-11-34
417, Wade, Savery ,Suspended, Male, 5-12-12
22, Salim, Dooney ,Suspended, Male, 5-12-20
262, Archie, Arnout ,Suspended, Male, 5-12-8
449, Twyla, Knatt ,Suspended, Female, 5-2-11
340, Tobiah, Prigmore ,Suspended, Male, 5-2-19
558, Francyne, Heamus ,Suspended, Female, 5-2-31
206, Jessica, Shankster ,Suspended, Female, 5-2-32
144, Alexis, O'Hara ,Suspended, Female, 5-9-17
284, Kristoffer, Smeath ,Suspended, Male, 5-9-22
309, Alexandrina, Duncan ,Suspended, Female, 5-9-25
151, Nerta, Jaray ,Suspended, Female, 6-10-15
84, Nefen, Corder ,Suspended, Male, 6-10-17
454, Javier, Costi ,Suspended, Male, 6-10-22
534, Angie, Stillert ,Suspended, Female, 6-10-22
479, Caryl, Luis ,Suspended, Male, 6-10-25
53, Marlo, Targe ,Suspended, Male, 6-10-25
335, Ainslie, Simond ,Suspended, Female, 6-10-34
990, Blithe, McShirie ,Suspended, Female, 6-12-25
117, Brooke, Hambatch ,Suspended, Male, 6-12-35
392, Gail, Reitenbach ,Suspended, Male, 6-4-12
166, Angelita, Roads ,Suspended, Female, 6-4-37
375, Fredrick, Radborn ,Suspended, Male, 6-4-8
587, Katlin, Greatbach ,Suspended, Female, 6-4-9
27, Gauthier, Hargerie ,Suspended, Male, 6-6-12
808, Thaine, Mercy ,Suspended, Male, 6-6-13
75, Lynett, Beautyman ,Suspended, Female, 6-6-13
25, Oliver, Slay ,Suspended, Male, 6-6-20
177, Katerine, Tidbury ,Suspended, Female, 6-6-21
414, Briney, Alvy ,Suspended, Female, 7-3-17
336, Ellyn, Giacubbo ,Suspended, Female, 7-3-24
620, Roarke, Pursehouse ,Suspended, Male, 7-3-25
645, Hermann, Gisbourn ,Suspended, Male, 7-3-25
320, Saunderson, Kenworthey ,Suspended, Male, 7-3-32
232, Reynolds, Glasgow ,Suspended, Male, 7-3-33
190, Annecorinne, MacCaughen ,Suspended, Female, 7-3-9
205, Cahra, Breawood ,Suspended, Female, 7-4-19
104, Sibeal, Guyet ,Suspended, Female, 7-5-12
698, Esma, Maffin ,Suspended, Female, 7-5-21
640, Carey, Kendred ,Suspended, Male, 7-5-24
137, Winston, Spencley ,Suspended, Male, 7-5-9
5, Michelle, Codlin ,Suspended, Female, 7-6-14
484, Alric, Lowless ,Suspended, Male, 7-7-13
30, Maurice, Smallridge ,Suspended, Male, 7-7-16
994, Carmelle, Monks ,Suspended, Female, 7-7-24
561, Troy, Ayer ,Suspended, Male, 7-7-25
407, Bret, Joselson ,Suspended, Male, 7-8-24
360, Selig, Birkinshaw ,Suspended, Male, 8-3-10
141, Bunnie, Dorrell ,Suspended, Female, 8-3-11
188, Doria, Huccaby ,Suspended, Female, 8-3-14
588, Nannie, Rickman ,Suspended, Female, 8-3-31
450, Windy, Heinel ,Suspended, Female, 8-3-34
41, Roxanna, Bassilashvili ,Suspended, Female, 8-5-23
447, Tarra, Bisiker ,Suspended, Female, 8-5-27
225, Cyndie, Sellek ,Suspended, Female, 8-7-18
171, Meghan, Bagniuk ,Suspended, Female, 8-7-23
784, Lance, Camerello ,Suspended, Male, 8-7-26
701, Stanislaus, Wohlers ,Suspended, Male, 8-7-31
273, Barbra, Spreull ,Suspended, Female, 8-7-6
773, Doralin, Rodgerson ,Suspended, Female, 8-8-19
626, Garvey, Delyth ,Suspended, Male, 8-8-6
252, Kin, Bradbury ,Suspended, Male, 4-11-12
522, Maris, Growcock ,Suspended, Female, 4-11-16
426, Daffy, English ,Suspended, Female, 4-11-32
83, Amelita, Duke ,Suspended, Female, 4-2-21
174, Birch, Emerine ,Suspended, Male, 4-2-25
781, Ambrosius, Mullaly ,Suspended, Male, 4-2-25
239, Perren, Zelake ,Suspended, Male, 4-9-12
717, Sasha, Shelmerdine ,Suspended, Male, 5-1-14
414, Kimberly, Ezzle ,Suspended, Female, 5-1-16
377, Fleurette, Jiras ,Suspended, Female, 5-1-18
368, Alley, Hedworth ,Suspended, Male, 5-1-35
561, Reece, Antosch ,Suspended, Male, 5-1-8
234, Netti, Khoter ,Suspended, Female, 5-1-8
209, Tally, Holdey ,Suspended, Male, 5-10-16
750, Axe, Leheude ,Suspended, Male, 5-11-13
670, Legra, Keiley ,Suspended, Female, 5-11-13
180, Noah, Ingon ,Suspended, Male, 5-11-14
223, Jinny, Dencs ,Suspended, Female, 5-11-25
319, Penrod, Greenlies ,Suspended, Male, 5-11-29
921, Morlee, Harnott ,Suspended, Male, 5-11-30
282, Dudley, Pelcheur ,Suspended, Male, 5-11-33
168, Maritsa, Sworder ,Suspended, Female, 5-11-34
417, Wade, Savery ,Suspended, Male, 5-12-12
22, Salim, Dooney ,Suspended, Male, 5-12-20
262, Archie, Arnout ,Suspended, Male, 5-12-8
449, Twyla, Knatt ,Suspended, Female, 5-2-11
340, Tobiah, Prigmore ,Suspended, Male, 5-2-19
558, Francyne, Heamus ,Suspended, Female, 5-2-31
206, Jessica, Shankster ,Suspended, Female, 5-2-32
144, Alexis, O'Hara ,Suspended, Female, 5-9-17
284, Kristoffer, Smeath ,Suspended, Male, 5-9-22
309, Alexandrina, Duncan ,Suspended, Female, 5-9-25
151, Nerta, Jaray ,Suspended, Female, 6-10-15
84, Nefen, Corder ,Suspended, Male, 6-10-17
454, Javier, Costi ,Suspended, Male, 6-10-22
534, Angie, Stillert ,Suspended, Female, 6-10-22
479, Caryl, Luis ,Suspended, Male, 6-10-25
53, Marlo, Targe ,Suspended, Male, 6-10-25
335, Ainslie, Simond ,Suspended, Female, 6-10-34
990, Blithe, McShirie ,Suspended, Female, 6-12-25
117, Brooke, Hambatch ,Suspended, Male, 6-12-35
392, Gail, Reitenbach ,Suspended, Male, 6-4-12
166, Angelita, Roads ,Suspended, Female, 6-4-37
375, Fredrick, Radborn ,Suspended, Male, 6-4-8
587, Katlin, Greatbach ,Suspended, Female, 6-4-9
27, Gauthier, Hargerie ,Suspended, Male, 6-6-12
808, Thaine, Mercy ,Suspended, Male, 6-6-13
75, Lynett, Beautyman ,Suspended, Female, 6-6-13
25, Oliver, Slay ,Suspended, Male, 6-6-20
177, Katerine, Tidbury ,Suspended, Female, 6-6-21
414, Briney, Alvy ,Suspended, Female, 7-3-17
336, Ellyn, Giacubbo ,Suspended, Female, 7-3-24
620, Roarke, Pursehouse ,Suspended, Male, 7-3-25
645, Hermann, Gisbourn ,Suspended, Male, 7-3-25
320, Saunderson, Kenworthey ,Suspended, Male, 7-3-32
232, Reynolds, Glasgow ,Suspended, Male, 7-3-33
190, Annecorinne, MacCaughen ,Suspended, Female, 7-3-9
205, Cahra, Breawood ,Suspended, Female, 7-4-19
104, Sibeal, Guyet ,Suspended, Female, 7-5-12
698, Esma, Maffin ,Suspended, Female, 7-5-21
640, Carey, Kendred ,Suspended, Male, 7-5-24
137, Winston, Spencley ,Suspended, Male, 7-5-9
5, Michelle, Codlin ,Suspended, Female, 7-6-14
484, Alric, Lowless ,Suspended, Male, 7-7-13
30, Maurice, Smallridge ,Suspended, Male, 7-7-16
994, Carmelle, Monks ,Suspended, Female, 7-7-24
561, Troy, Ayer ,Suspended, Male, 7-7-25
407, Bret, Joselson ,Suspended, Male, 7-8-24
360, Selig, Birkinshaw ,Suspended, Male, 8-3-10
141, Bunnie, Dorrell ,Suspended, Female, 8-3-11
188, Doria, Huccaby ,Suspended, Female, 8-3-14
588, Nannie, Rickman ,Suspended, Female, 8-3-31
450, Windy, Heinel ,Suspended, Female, 8-3-34
41, Roxanna, Bassilashvili ,Suspended, Female, 8-5-23
447, Tarra, Bisiker ,Suspended, Female, 8-5-27
225, Cyndie, Sellek ,Suspended, Female, 8-7-18
171, Meghan, Bagniuk ,Suspended, Female, 8-7-23
784, Lance, Camerello ,Suspended, Male, 8-7-26
701, Stanislaus, Wohlers ,Suspended, Male, 8-7-31
273, Barbra, Spreull ,Suspended, Female, 8-7-6
773, Doralin, Rodgerson ,Suspended, Female, 8-8-19
626, Garvey, Delyth ,Suspended, Male, 8-8-6
252, Kin, Bradbury ,Suspended, Male, 4-11-12
522, Maris, Growcock ,Suspended, Female, 4-11-16
426, Daffy, English ,Suspended, Female, 4-11-32
83, Amelita, Duke ,Suspended, Female, 4-2-21
174, Birch, Emerine ,Suspended, Male, 4-2-25
781, Ambrosius, Mullaly ,Suspended, Male, 4-2-25
239, Perren, Zelake ,Suspended, Male, 4-9-12
717, Sasha, Shelmerdine ,Suspended, Male, 5-1-14
414, Kimberly, Ezzle ,Suspended, Female, 5-1-16
377, Fleurette, Jiras ,Suspended, Female, 5-1-18
368, Alley, Hedworth ,Suspended, Male, 5-1-35
561, Reece, Antosch ,Suspended, Male, 5-1-8
234, Netti, Khoter ,Suspended, Female, 5-1-8
209, Tally, Holdey ,Suspended, Male, 5-10-16
750, Axe, Leheude ,Suspended, Male, 5-11-13
670, Legra, Keiley ,Suspended, Female, 5-11-13
180, Noah, Ingon ,Suspended, Male, 5-11-14
223, Jinny, Dencs ,Suspended, Female, 5-11-25
319, Penrod, Greenlies ,Suspended, Male, 5-11-29
921, Morlee, Harnott ,Suspended, Male, 5-11-30
282, Dudley, Pelcheur ,Suspended, Male, 5-11-33
168, Maritsa, Sworder ,Suspended, Female, 5-11-34
417, Wade, Savery ,Suspended, Male, 5-12-12
22, Salim, Dooney ,Suspended, Male, 5-12-20
262, Archie, Arnout ,Suspended, Male, 5-12-8
449, Twyla, Knatt ,Suspended, Female, 5-2-11
340, Tobiah, Prigmore ,Suspended, Male, 5-2-19
558, Francyne, Heamus ,Suspended, Female, 5-2-31
206, Jessica, Shankster ,Suspended, Female, 5-2-32
144, Alexis, O'Hara ,Suspended, Female, 5-9-17
284, Kristoffer, Smeath ,Suspended, Male, 5-9-22
309, Alexandrina, Duncan ,Suspended, Female, 5-9-25
151, Nerta, Jaray ,Suspended, Female, 6-10-15
84, Nefen, Corder ,Suspended, Male, 6-10-17
454, Javier, Costi ,Suspended, Male, 6-10-22
534, Angie, Stillert ,Suspended, Female, 6-10-22
479, Caryl, Luis ,Suspended, Male, 6-10-25
53, Marlo, Targe ,Suspended, Male, 6-10-25
335, Ainslie, Simond ,Suspended, Female, 6-10-34
990, Blithe, McShirie ,Suspended, Female, 6-12-25
117, Brooke, Hambatch ,Suspended, Male, 6-12-35
392, Gail, Reitenbach ,Suspended, Male, 6-4-12
166, Angelita, Roads ,Suspended, Female, 6-4-37
375, Fredrick, Radborn ,Suspended, Male, 6-4-8
587, Katlin, Greatbach ,Suspended, Female, 6-4-9
27, Gauthier, Hargerie ,Suspended, Male, 6-6-12
808, Thaine, Mercy ,Suspended, Male, 6-6-13
75, Lynett, Beautyman ,Suspended, Female, 6-6-13
25, Oliver, Slay ,Suspended, Male, 6-6-20
177, Katerine, Tidbury ,Suspended, Female, 6-6-21
414, Briney, Alvy ,Suspended, Female, 7-3-17
336, Ellyn, Giacubbo ,Suspended, Female, 7-3-24
620, Roarke, Pursehouse ,Suspended, Male, 7-3-25
645, Hermann, Gisbourn ,Suspended, Male, 7-3-25
320, Saunderson, Kenworthey ,Suspended, Male, 7-3-32
232, Reynolds, Glasgow ,Suspended, Male, 7-3-33
190, Annecorinne, MacCaughen ,Suspended, Female, 7-3-9
205, Cahra, Breawood ,Suspended, Female, 7-4-19
104, Sibeal, Guyet ,Suspended, Female, 7-5-12
698, Esma, Maffin ,Suspended, Female, 7-5-21
640, Carey, Kendred ,Suspended, Male, 7-5-24
137, Winston, Spencley ,Suspended, Male, 7-5-9
5, Michelle, Codlin ,Suspended, Female, 7-6-14
484, Alric, Lowless ,Suspended, Male, 7-7-13
30, Maurice, Smallridge ,Suspended, Male, 7-7-16
994, Carmelle, Monks ,Suspended, Female, 7-7-24
561, Troy, Ayer ,Suspended, Male, 7-7-25
407, Bret, Joselson ,Suspended, Male, 7-8-24
360, Selig, Birkinshaw ,Suspended, Male, 8-3-10
141, Bunnie, Dorrell ,Suspended, Female, 8-3-11
188, Doria, Huccaby ,Suspended, Female, 8-3-14
588, Nannie, Rickman ,Suspended, Female, 8-3-31
450, Windy, Heinel ,Suspended, Female, 8-3-34
41, Roxanna, Bassilashvili ,Suspended, Female, 8-5-23
447, Tarra, Bisiker ,Suspended, Female, 8-5-27
225, Cyndie, Sellek ,Suspended, Female, 8-7-18
171, Meghan, Bagniuk ,Suspended, Female, 8-7-23
784, Lance, Camerello ,Suspended, Male, 8-7-26
701, Stanislaus, Wohlers ,Suspended, Male, 8-7-31
273, Barbra, Spreull ,Suspended, Female, 8-7-6
773, Doralin, Rodgerson ,Suspended, Female, 8-8-19
626, Garvey, Delyth ,Suspended, Male, 8-8-6
