id,first_name,last_name,status,gender,date
1,Ringo,Maggi,Active,Male,7/11/2012
2,Holden,Garrity,Inactive,Male,6/21/2016
3,Faydra,Calbrathe,Inactive,Female,11/22/2015
4,Kile,Luetkemeyers,Blocked,Male,3/26/2012
5,Aundrea,Longforth,Blocked,Female,9/25/2012
6,Cristiano,Shouler,Active,Male,11/18/2015
7,Udall,Perche,Inactive,Male,2/11/2016
8,Libby,Anersen,Blocked,Female,2/13/2011
9,Dacy,O'Donegan,Inactive,Female,9/24/2016
10,Jada,Struan,Inactive,Female,7/13/2013
11,Art,Gladman,Active,Male,11/16/2011
12,Cullen,Calway,Active,Male,7/17/2017
13,Tracee,Yedall,Inactive,Female,6/10/2015
14,Celle,Wharton,Blocked,Female,10/27/2012
15,Ana,Adanet,Inactive,Female,6/3/2017
16,Annetta,Smylie,Blocked,Female,5/26/2015
17,Dagny,Whieldon,Inactive,Male,2/16/2011
18,Clemens,Schorah,Blocked,Male,4/20/2015
19,Der,Stiles,Active,Male,7/26/2012
20,Myriam,Bernot,Blocked,Female,11/15/2014
21,Fabiano,Kynforth,Active,Male,3/3/2014
22,Salim,Dooney,Suspended,Male,6/15/2015
23,Jordon,Pressdee,Suspended,Male,11/17/2012
24,Martica,Henden,Suspended,Female,1/8/2012
25,Karim,Whannel,Blocked,Male,4/19/2015
26,Lesly,Senett,Active,Female,12/19/2013
27,Leonanie,Jaray,Inactive,Female,10/14/2011
28,Evelyn,Pattie,Blocked,Female,7/22/2016
29,Rozella,Wrankmore,Active,Female,8/26/2015
30,Maurice,Smallridge,Suspended,Male,1/11/2015
31,Bianca,Barrable,Active,Female,3/2/2012
32,Finlay,Davitt,Inactive,Male,7/27/2013
33,Hanna,Garbar,Active,Female,12/20/2012
34,Graehme,Vaszoly,Active,Male,9/12/2017
35,Alyosha,Janak,Blocked,Male,9/8/2017
36,Marshall,Dollin,Suspended,Male,2/4/2016
37,Frazer,Wrinch,Suspended,Male,4/16/2011
38,Pietro,Colthard,Active,Male,5/17/2012
39,Reuben,Threadgill,Blocked,Male,11/24/2010
40,Marcelia,Lowndsborough,Suspended,Female,8/1/2016
41,Gayleen,Budcock,Blocked,Female,9/25/2010
42,Marita,Munsey,Active,Female,4/13/2010
43,Arlina,Wainer,Active,Female,2/26/2013
44,Carter,Dockery,Inactive,Male,3/18/2012
45,Flem,Muldownie,Active,Male,5/17/2010
46,Tannie,Laden,Active,Male,3/22/2016
47,Kirbie,Folks,Suspended,Female,7/19/2016
48,Alyce,Vivian,Active,Female,6/21/2014
49,Francisco,Caras,Suspended,Male,9/14/2013
50,Benedicta,Steptow,Suspended,Female,6/1/2017
51,Tabby,Powley,Suspended,Female,2/11/2011
52,Lyn,Tidman,Blocked,Male,2/27/2013
53,Kaja,Jouen,Active,Female,8/31/2017
54,Alvy,Balfour,Blocked,Male,1/18/2015
55,Emelyne,Bardey,Blocked,Female,8/19/2012
56,Obed,Goggins,Inactive,Male,5/26/2010
57,Filberte,Baumert,Inactive,Male,9/5/2014
58,Carly,Traylen,Active,Male,10/18/2015
59,Cindelyn,McLurg,Inactive,Female,10/18/2014
60,Abagail,Shillinglaw,Blocked,Female,9/2/2014
61,Cassandra,Bate,Blocked,Female,8/3/2015
62,Adeline,Payn,Active,Female,9/30/2016
63,Baillie,Spolton,Suspended,Male,10/2/2012
64,Ceil,Annakin,Blocked,Female,9/1/2015
65,Karita,Adney,Active,Female,12/26/2010
66,Emlyn,Oxx,Blocked,Male,8/19/2013
67,Kelila,Ricketts,Blocked,Female,12/14/2011
68,Mercedes,Bellie,Active,Female,5/14/2016
69,Odelinda,Golston,Blocked,Female,10/1/2011
70,Leroy,Karsh,Inactive,Male,6/22/2017
71,Hettie,Punton,Blocked,Female,2/14/2012
72,Hyman,Arcase,Suspended,Male,4/20/2010
73,Waneta,Crady,Inactive,Female,7/6/2015
74,Jaclyn,Angeau,Active,Female,1/31/2014
75,Emmalynn,Boatwright,Active,Female,10/5/2012
76,Sydney,Seleway,Inactive,Male,3/16/2012
77,Philomena,Patkin,Active,Female,8/20/2011
78,Nancie,McCulloch,Active,Female,4/14/2015
79,Milton,Beresford,Active,Male,5/5/2012
80,Gretel,Tilzey,Active,Female,6/8/2017
81,Riley,Pennycuick,Suspended,Male,12/24/2010
82,Brett,Phebey,Blocked,Male,9/13/2017
83,Amelita,Duke,Suspended,Female,8/15/2015
84,Kizzee,Nanuccioi,Suspended,Female,1/28/2013
85,Nananne,Spittles,Blocked,Female,3/2/2011
86,Tally,Upcott,Inactive,Female,5/17/2017
87,Cristobal,Caudrey,Suspended,Male,2/19/2014
88,Boote,Chason,Active,Male,3/12/2012
89,Cynthia,Waddicor,Active,Female,11/27/2011
90,Ward,Farrar,Active,Male,7/25/2017
91,Gerhard,Willacot,Active,Male,2/4/2017
92,Dixie,Rastall,Inactive,Female,8/27/2010
93,Vin,Trangmar,Suspended,Female,4/25/2016
94,Lucias,Sowray,Blocked,Male,7/20/2015
95,Dorey,Mylan,Blocked,Male,5/3/2017
96,Robin,Wilber,Inactive,Male,11/1/2012
97,Fern,Rosas,Blocked,Female,6/9/2013
98,Quill,Plitz,Suspended,Male,1/29/2016
99,Codi,Fredson,Suspended,Male,6/21/2017
100,Livvie,Colchett,Suspended,Female,1/16/2012
101,Ryann,Trebble,Blocked,Female,9/2/2013
102,Laurence,Passingham,Active,Male,7/28/2013
103,Adolf,Benettelli,Blocked,Male,10/13/2014
104,Sibeal,Guyet,Suspended,Female,11/6/2015
105,Valentino,Stace,Blocked,Male,8/25/2012
106,Tristam,Stile,Blocked,Male,9/10/2017
107,Skylar,Mattiassi,Blocked,Male,5/19/2015
108,Jessamyn,Goble,Blocked,Female,10/8/2012
109,Dewie,Arrol,Blocked,Male,3/5/2013
110,Yehudi,Hoovart,Active,Male,6/17/2011
111,Jacobo,Boorer,Inactive,Male,9/25/2013
112,Osgood,Bull,Inactive,Male,12/25/2013
113,Allayne,Djorvic,Active,Male,12/31/2014
114,Bell,Wallworth,Inactive,Female,3/8/2014
115,Zachary,Broderick,Active,Male,9/11/2016
116,Jamison,Sharrem,Suspended,Male,12/16/2012
117,Nicholle,Ghidelli,Blocked,Female,10/3/2011
118,Sloane,Stienton,Suspended,Male,3/30/2010
119,Vaughan,Lembcke,Active,Male,10/22/2012
120,Jacquelin,Kuzma,Active,Female,3/27/2012
121,Zerk,Withrington,Blocked,Male,8/22/2010
122,Gilberto,Rosengart,Inactive,Male,11/19/2010
123,Jaime,McDuffy,Blocked,Female,2/25/2015
124,Florian,Archdeacon,Inactive,Male,10/24/2015
125,Marlon,Ebbitt,Inactive,Male,10/10/2013
126,Tandy,Olivet,Inactive,Female,9/18/2015
127,Edgard,Keneleyside,Blocked,Male,1/13/2014
128,Irena,Nunnery,Suspended,Female,11/1/2011
129,Lucita,O'Hoey,Active,Female,8/25/2014
130,Babs,Garms,Suspended,Female,5/1/2016
131,Morse,Wiggam,Inactive,Male,4/18/2012
132,Llewellyn,Pates,Inactive,Male,3/4/2014
133,Kelly,McFaul,Inactive,Female,12/26/2013
134,Jude,McIlwrath,Active,Male,10/29/2016
135,Wilie,Langcaster,Blocked,Female,10/29/2013
136,Anna-maria,Van der Veldt,Inactive,Female,4/18/2014
137,Svend,McKinnell,Blocked,Male,12/9/2015
138,Terry,Prine,Suspended,Female,11/10/2013
139,Ariadne,Seth,Suspended,Female,10/14/2010
140,Cammy,Risbrough,Inactive,Female,5/9/2010
141,Clint,Feasby,Inactive,Male,3/18/2011
142,Jervis,Grinishin,Suspended,Male,6/29/2010
143,Dar,Cadden,Suspended,Male,6/19/2011
144,Kip,Cromie,Blocked,Female,11/23/2011
145,Ruddy,Schultz,Blocked,Male,8/16/2016
146,Luciano,Bossingham,Inactive,Male,7/24/2017
147,Jayme,Kefford,Active,Female,9/10/2017
148,Chrissy,Leigh,Suspended,Female,4/27/2012
149,Julieta,Dearan,Inactive,Female,2/22/2017
150,Shandy,Folkes,Suspended,Female,1/9/2012
151,Nerta,Jaray,Suspended,Female,4/10/2015
152,Megan,Ickovitz,Suspended,Female,11/7/2010
153,Jermaine,Spours,Inactive,Male,1/27/2016
154,Mathias,Mulligan,Blocked,Male,10/25/2014
155,Vladamir,Jenno,Inactive,Male,8/21/2015
156,Allissa,Dosdale,Suspended,Female,12/14/2012
157,Clarie,Dalla,Blocked,Female,4/12/2017
158,Gavin,Hirth,Suspended,Male,8/23/2012
159,Artur,Keeton,Blocked,Male,11/19/2013
160,Evan,Edeson,Active,Male,4/9/2014
161,Byron,Hindrich,Active,Male,12/25/2011
162,De witt,Grubbe,Blocked,Male,2/26/2012
163,Karmen,Gover,Suspended,Female,7/15/2011
164,Kenna,Brosini,Blocked,Female,9/4/2017
165,Thorny,Austen,Inactive,Male,8/12/2014
166,Gus,Lergan,Suspended,Female,11/11/2011
167,Pasquale,McMinn,Suspended,Male,6/4/2017
168,Maritsa,Sworder,Suspended,Female,5/29/2015
169,Tobe,Fouldes,Inactive,Male,3/30/2017
170,Nicol,Rae,Active,Male,6/2/2011
171,Cordie,Shearsby,Blocked,Male,11/19/2015
172,Cori,Cannam,Blocked,Female,6/29/2014
173,Frants,Tenant,Blocked,Male,10/5/2011
174,Birch,Emerine,Suspended,Male,8/19/2015
175,Sumner,Leaming,Suspended,Male,6/29/2014
176,Emmy,Primak,Active,Female,7/14/2016
177,Gina,McCoughan,Active,Female,2/11/2012
178,Gilda,Doick,Inactive,Female,12/11/2016
179,Alessandro,Sandham,Blocked,Male,10/6/2010
180,Noah,Ingon,Suspended,Male,5/9/2015
181,Leta,Duckhouse,Blocked,Female,1/8/2010
182,Boote,Hartles,Suspended,Male,6/3/2011
183,Cord,Hinks,Active,Male,4/5/2013
184,Iona,Pioch,Blocked,Female,2/16/2016
185,Stanley,Larciere,Active,Male,5/11/2017
186,Frederic,Gartland,Suspended,Male,10/6/2011
187,Barton,Cumberledge,Blocked,Male,12/28/2012
188,Ronda,Brettelle,Blocked,Female,5/4/2016
189,Enrichetta,Rowlings,Inactive,Female,6/13/2010
190,Sofia,McCarlie,Inactive,Female,2/28/2016
191,Gates,Pomfret,Inactive,Female,9/8/2011
192,Baxter,Lightoller,Active,Male,7/6/2016
193,Nert,Vannikov,Active,Female,6/11/2013
194,Katha,Le Fevre,Blocked,Female,12/14/2015
195,Chryste,De Hailes,Blocked,Female,7/29/2014
196,Mandel,Malcolmson,Active,Male,1/27/2015
197,Nils,Cazereau,Blocked,Male,5/18/2014
198,Claude,Benz,Blocked,Female,11/26/2013
199,Darla,Kilpin,Active,Female,10/3/2014
200,Mitzi,Trevenu,Blocked,Female,6/18/2010
201,Richie,Cookson,Blocked,Male,7/30/2014
202,Phoebe,MacGahey,Blocked,Female,5/6/2016
203,Wayne,Rattery,Active,Male,4/5/2012
204,Tan,Mabbitt,Inactive,Male,6/26/2015
205,Garnette,Joust,Blocked,Female,4/9/2017
206,Quincey,Mantle,Active,Male,1/16/2014
207,Chevy,Pengelley,Blocked,Male,11/21/2016
208,Tina,Dunbar,Blocked,Female,3/1/2011
209,Tally,Holdey,Suspended,Male,4/11/2015
210,Damita,Lawdham,Suspended,Female,12/7/2010
211,Tedman,Gaskoin,Active,Male,5/5/2012
212,Ermin,Pettet,Inactive,Male,5/4/2011
213,Jewel,Tewkesberrie,Inactive,Female,5/5/2012
214,Wolf,Leddie,Inactive,Male,3/2/2012
215,Aron,Ternent,Blocked,Male,4/1/2013
216,Francoise,Clinch,Inactive,Female,3/15/2011
217,Ashla,Abbott,Suspended,Female,6/11/2010
218,Northrup,Massow,Suspended,Male,5/28/2014
219,Ethelda,Dando,Inactive,Female,4/3/2015
220,Artair,Tire,Active,Male,3/17/2014
221,Sebastiano,Rameau,Blocked,Male,1/30/2015
222,Sallyann,Enochsson,Active,Female,5/9/2014
223,Jinny,Dencs,Suspended,Female,5/20/2015
224,Nevin,Jeanel,Suspended,Male,7/1/2017
225,Gusty,Franey,Inactive,Female,10/20/2015
226,Alejandrina,Mitten,Inactive,Female,9/29/2015
227,Gerhard,Maybery,Blocked,Male,2/21/2010
228,Sallyanne,Root,Inactive,Female,5/15/2016
229,Darryl,Lyst,Blocked,Female,11/2/2014
230,Felicdad,Norcock,Suspended,Female,7/25/2012
231,Nomi,Gabby,Active,Female,10/9/2014
232,North,Axon,Suspended,Male,11/27/2013
233,Pandora,Coleridge,Blocked,Female,10/2/2014
234,Maurie,Guilloton,Active,Male,12/17/2014
235,Liv,Kears,Inactive,Female,12/10/2012
236,Gunther,Spandley,Suspended,Male,4/18/2017
237,Cherice,Eatock,Blocked,Female,10/10/2014
238,Cam,Gosneye,Inactive,Male,7/11/2013
239,Perren,Zelake,Suspended,Male,3/7/2015
240,Giorgio,Duckhouse,Blocked,Male,1/31/2012
241,Billie,Lorrie,Active,Male,10/17/2010
242,Lizbeth,Lewsie,Inactive,Female,1/1/2010
243,Brnaba,Aves,Active,Male,2/17/2011
244,Georgetta,Riehm,Inactive,Female,7/5/2015
245,Torrin,Iowarch,Suspended,Male,3/18/2010
246,Yvor,Broune,Active,Male,12/16/2015
247,Antonino,Coughlin,Blocked,Male,6/23/2015
248,Heath,La Vigne,Active,Female,6/11/2010
249,Melanie,Vedenyapin,Inactive,Female,10/3/2011
250,Genni,Eves,Blocked,Female,8/5/2015
251,Alikee,Lob,Active,Female,6/23/2011
252,Kin,Bradbury,Suspended,Male,5/7/2015
253,Craig,Hurich,Blocked,Male,3/9/2013
254,Karalee,de Glanville,Inactive,Female,4/1/2015
255,Chrysler,Sigward,Blocked,Female,4/14/2017
256,Delmor,Laxston,Suspended,Male,3/6/2014
257,Bianca,Oldham,Active,Female,7/26/2012
258,Aprilette,Gallear,Blocked,Female,12/20/2015
259,Hakeem,Weyland,Blocked,Male,11/11/2014
260,Hewitt,Akroyd,Active,Male,6/30/2011
261,Bradford,Bosence,Blocked,Male,9/19/2016
262,Tracey,Pearn,Suspended,Male,4/11/2017
263,Frederigo,Andryszczak,Active,Male,8/21/2011
264,Godfree,Thorsen,Blocked,Male,5/7/2014
265,Kahaleel,Noah,Blocked,Male,4/29/2016
266,Anett,Iglesia,Blocked,Female,3/7/2013
267,Caprice,Futcher,Suspended,Female,12/23/2010
268,Cameron,Winsley,Active,Male,9/7/2017
269,Zandra,Habbeshaw,Blocked,Female,6/20/2011
270,Sibyl,Guthrum,Inactive,Female,1/21/2016
271,Dora,Casassa,Active,Female,8/13/2010
272,Crichton,Satterlee,Inactive,Male,7/28/2010
273,Thaine,Jenkerson,Blocked,Male,8/14/2016
274,Salvador,Ceillier,Blocked,Male,7/14/2017
275,Beverly,Crowest,Inactive,Female,7/22/2014
276,Melva,Barstock,Inactive,Female,4/15/2014
277,Mariejeanne,Jedrys,Blocked,Female,4/24/2017
278,Lizbeth,Leeder,Blocked,Female,9/23/2014
279,Andrei,Hovy,Inactive,Female,7/9/2011
280,Tani,Hilliam,Active,Female,1/16/2010
281,Jennica,Crush,Blocked,Female,1/22/2016
282,Dudley,Pelcheur,Suspended,Male,5/28/2015
283,Latisha,Baynham,Inactive,Female,7/24/2013
284,Nevin,Keeton,Active,Male,2/28/2012
285,Ad,Drewry,Active,Male,3/16/2012
286,Kristofor,Buckett,Blocked,Male,1/4/2014
287,Noll,Schott,Active,Male,9/29/2012
288,Edi,Mc Giffin,Suspended,Female,11/22/2016
289,Lana,Mcwhinnie,Active,Female,9/8/2011
290,Leupold,Elcomb,Inactive,Male,8/10/2016
291,Tiebold,Hellikes,Inactive,Male,9/8/2013
292,Lynde,Bezzant,Active,Female,12/16/2010
293,Gwenni,Josilowski,Inactive,Female,12/4/2010
294,Dyann,McIlwraith,Suspended,Female,8/27/2013
295,Myrtia,Carnihan,Active,Female,6/29/2014
296,Coleman,Banham,Inactive,Male,10/30/2010
297,Leonardo,Antonat,Suspended,Male,10/19/2011
298,Kippar,Hame,Active,Male,11/6/2014
299,Min,Stave,Active,Female,10/4/2010
300,Olly,Sponer,Inactive,Female,8/10/2016
301,Montague,Knoble,Inactive,Male,11/1/2011
302,Morgen,Gunner,Active,Male,12/4/2012
303,Carlita,Ranking,Blocked,Female,4/12/2012
304,Dene,Robelin,Blocked,Male,8/20/2017
305,Amitie,Hardan,Suspended,Female,2/4/2011
306,Alard,Mallinar,Active,Male,12/11/2010
307,Jena,Dusey,Suspended,Female,7/31/2016
308,Corbett,Bilby,Active,Male,10/5/2012
309,Alexandrina,Duncan,Suspended,Female,3/20/2015
310,Susi,Aleavy,Blocked,Female,3/22/2015
311,Claudine,Dall,Active,Female,7/15/2016
312,Katheryn,McKeating,Suspended,Female,5/20/2017
313,Davina,Jikylls,Blocked,Female,8/10/2012
314,Bay,Roycroft,Inactive,Male,3/22/2013
315,Cecile,Yakunchikov,Inactive,Female,6/14/2016
316,Micky,Annion,Inactive,Male,4/24/2011
317,Annelise,Everal,Inactive,Female,2/6/2013
318,Bess,Bennet,Active,Female,3/21/2012
319,Che,Crasford,Active,Male,10/24/2010
320,Harley,Escoffier,Blocked,Female,1/24/2014
321,Lise,Haselhurst,Suspended,Female,1/24/2012
322,Fernanda,Zanussii,Blocked,Female,4/7/2013
323,Amy,Munnion,Suspended,Female,8/21/2010
324,Lacey,Aguirre,Inactive,Female,12/13/2015
325,Chancey,Jaskowicz,Active,Male,12/2/2010
326,Tye,Fandrich,Inactive,Male,4/17/2012
327,Kathryne,Allsepp,Suspended,Female,6/10/2013
328,Stacey,Rusk,Suspended,Female,4/30/2012
329,Natal,Paschek,Suspended,Male,6/14/2017
330,Gertrud,Weatherley,Suspended,Female,11/13/2013
331,Randolph,Benduhn,Inactive,Male,7/3/2012
332,Ignacio,Cossentine,Inactive,Male,3/24/2015
333,Jamie,Leroux,Blocked,Male,10/14/2010
334,Alisander,Grannell,Inactive,Male,8/8/2013
335,Gill,Paschek,Blocked,Female,1/19/2013
336,Anica,Edkins,Suspended,Female,3/18/2012
337,Billy,Dupree,Active,Male,6/26/2012
338,Benedicta,Lucy,Blocked,Female,5/16/2014
339,Shelia,Bevens,Blocked,Female,10/25/2014
340,Darby,Weond,Suspended,Female,10/27/2010
341,Reinhard,Senechault,Blocked,Male,4/15/2017
342,Adel,Di Filippo,Inactive,Female,7/26/2012
343,Giffie,Mattson,Blocked,Male,1/17/2015
344,Nevin,Levay,Inactive,Male,11/18/2010
345,Monty,Livett,Suspended,Male,3/8/2014
346,Clarance,Gerrard,Blocked,Male,8/5/2016
347,Agneta,Chillistone,Active,Female,4/2/2015
348,Trenton,Linsay,Active,Male,8/23/2017
349,Merry,Martinho,Blocked,Male,6/21/2017
350,Gareth,Berk,Blocked,Male,7/4/2016
351,Aksel,Strewther,Suspended,Male,5/26/2013
352,Zora,McGowan,Blocked,Female,12/24/2012
353,Jens,Koschke,Inactive,Male,12/21/2015
354,Jillene,Olorenshaw,Active,Female,8/31/2017
355,Beauregard,Rangell,Active,Male,7/10/2013
356,Ennis,Firks,Inactive,Male,9/11/2013
357,Babara,Dransfield,Inactive,Female,8/28/2013
358,Belle,Kleinholz,Blocked,Female,8/31/2016
359,Dieter,Chatburn,Inactive,Male,10/12/2013
360,Selig,Birkinshaw,Suspended,Male,9/4/2015
361,Philipa,Lenton,Blocked,Female,4/4/2017
362,Sigfried,Breese,Inactive,Male,7/9/2015
363,Lorilyn,Hollyer,Suspended,Female,9/30/2014
364,Kendre,Leverich,Active,Female,8/4/2010
365,Suzi,Herculson,Suspended,Female,6/17/2014
366,Querida,O'Moylane,Inactive,Female,3/7/2017
367,Millie,Hickinbottom,Inactive,Female,10/12/2014
368,Kore,Clerke,Blocked,Female,10/29/2014
369,Brew,Adnet,Blocked,Male,1/28/2014
370,Leanna,Kersey,Inactive,Female,1/24/2012
371,Daisey,Dunning,Blocked,Female,7/9/2015
372,Terrel,Plomer,Inactive,Male,8/11/2014
373,Clair,Porteous,Inactive,Male,9/25/2010
374,Viviyan,Kenway,Inactive,Female,9/4/2017
375,Fredrick,Radborn,Suspended,Male,10/2/2015
376,Witty,MacAndreis,Active,Male,5/28/2011
377,Fleurette,Jiras,Suspended,Female,7/12/2015
378,Humberto,Boord,Blocked,Male,6/10/2014
379,Bayard,Storch,Inactive,Male,12/12/2015
380,Thorpe,Tolan,Inactive,Male,6/5/2016
381,Reggie,Fleming,Inactive,Male,8/21/2013
382,Moore,Paullin,Active,Male,5/29/2014
383,Caddric,Klug,Active,Male,7/29/2017
384,Gerik,Shorton,Inactive,Male,5/24/2016
385,Berry,Syres,Active,Female,12/25/2014
386,Tuck,Sebrook,Inactive,Male,7/2/2013
387,Chane,Girhard,Inactive,Male,1/20/2011
388,Nertie,Lamkin,Blocked,Female,8/16/2012
389,Caro,O'Fairy,Inactive,Female,5/29/2017
390,Robin,Casine,Blocked,Male,5/5/2014
391,Herbie,Gehringer,Active,Male,4/2/2012
392,Gail,Reitenbach,Suspended,Male,10/6/2015
393,Veda,Savill,Suspended,Female,12/28/2013
394,Gabrielle,Larmouth,Blocked,Female,9/27/2011
395,Alecia,Allaker,Blocked,Female,8/27/2016
396,Pearline,Waggett,Inactive,Female,6/1/2015
397,Wylma,Dixon,Inactive,Female,7/10/2016
398,Wilmar,McCurtin,Inactive,Male,6/3/2016
399,Gan,Corrigan,Suspended,Male,7/29/2017
400,Sosanna,Karlsen,Active,Female,8/22/2011
401,Vicky,Kasting,Active,Female,7/16/2012
402,Augustine,Lesly,Inactive,Female,2/8/2011
403,Bertrando,Jewkes,Blocked,Male,9/28/2014
404,Vincenz,Gunton,Blocked,Male,6/16/2012
405,Winthrop,Satterfitt,Inactive,Male,9/1/2013
406,Lucine,Ivakhnov,Suspended,Female,12/24/2012
407,Merwyn,Climo,Active,Male,12/18/2015
408,Lammond,Render,Blocked,Male,9/19/2015
409,Sauncho,Rackley,Active,Male,8/18/2016
410,Cristobal,Clancey,Active,Male,1/9/2017
411,Crichton,Dufour,Inactive,Male,10/23/2015
412,Isador,Iacovino,Blocked,Male,7/18/2016
413,Ryon,Cossans,Inactive,Male,2/16/2016
414,Keefe,Dalliwater,Inactive,Male,1/2/2012
415,Emilee,Ofield,Suspended,Female,4/9/2016
416,Anastasia,Widdowfield,Inactive,Female,1/5/2015
417,Wade,Savery,Suspended,Male,6/7/2015
418,Clare,Witty,Blocked,Male,7/1/2011
419,Julia,Nockolds,Active,Female,7/13/2017
420,Gena,Burry,Active,Female,5/10/2014
421,Alvy,Maffy,Blocked,Male,2/26/2015
422,Lilia,Ca,Blocked,Female,8/18/2013
423,Johnathan,Detoile,Active,Male,4/12/2016
424,Zollie,Narey,Inactive,Male,7/11/2012
425,Shelley,Lacrouts,Inactive,Female,11/30/2016
426,Dorey,Rockhall,Suspended,Female,12/27/2012
427,Winslow,Edler,Blocked,Male,3/30/2014
428,Tonia,Yarnley,Suspended,Female,5/6/2014
429,Noel,Bosward,Blocked,Male,7/21/2016
430,Jermaine,Curnokk,Suspended,Female,8/14/2013
431,Virgilio,Pexton,Blocked,Male,7/17/2015
432,Bay,Chastelain,Blocked,Male,6/10/2011
433,Parsifal,Loraine,Active,Male,11/21/2014
434,Alicia,Midlar,Blocked,Female,5/17/2013
435,Randene,Webbe,Active,Female,3/6/2016
436,Emile,Presland,Blocked,Male,1/18/2017
437,Chauncey,Jensen,Active,Male,9/20/2010
438,Roth,Corris,Blocked,Male,7/28/2016
439,Sephira,Comiskey,Inactive,Female,1/8/2013
440,Amata,Gentner,Blocked,Female,4/15/2013
441,Shantee,Piddlehinton,Active,Female,7/13/2017
442,Gustie,Gonsalo,Active,Female,8/14/2012
443,Zitella,Delacourt,Active,Female,8/13/2013
444,Theodora,Walkden,Suspended,Female,7/18/2013
445,Timofei,Huggan,Inactive,Male,11/13/2013
446,Tova,Lettsom,Active,Female,11/4/2016
447,Tarra,Bisiker,Suspended,Female,11/21/2015
448,Ashlen,Shills,Inactive,Female,2/13/2017
449,Twyla,Knatt,Suspended,Female,8/5/2015
450,Windy,Heinel,Suspended,Female,9/28/2015
451,Shari,Scruton,Inactive,Female,4/12/2011
452,Jory,Hellings,Blocked,Male,11/1/2010
453,Liane,Leary,Blocked,Female,7/31/2014
454,Alaric,Dooman,Active,Male,9/8/2016
455,Ash,Erat,Blocked,Male,9/6/2013
456,Alejandro,Westbury,Blocked,Male,6/4/2015
457,Nikki,Divver,Inactive,Male,9/19/2016
458,Ikey,Deaton,Active,Male,4/16/2010
459,Cornie,Deniscke,Inactive,Female,11/3/2016
460,Gustavus,Fryman,Active,Male,7/24/2013
461,Redd,Trotman,Blocked,Male,8/6/2015
462,Pavlov,Mynett,Inactive,Male,3/12/2015
463,Tanney,Zanolli,Blocked,Male,5/16/2011
464,Alexei,Winridge,Inactive,Male,7/12/2015
465,Sargent,Coan,Inactive,Male,3/26/2010
466,Foss,Moss,Active,Male,3/28/2016
467,Lydon,Cristofol,Inactive,Male,1/19/2012
468,Kayla,Benard,Suspended,Female,8/4/2013
469,Brigid,Razoux,Inactive,Female,5/15/2013
470,Granger,Chadney,Blocked,Male,1/4/2013
471,Emilie,Keysall,Inactive,Female,10/4/2014
472,Renate,Brettor,Suspended,Female,11/14/2012
473,Lind,Mickelwright,Active,Female,10/1/2012
474,Lesley,MacDaid,Blocked,Male,1/6/2012
475,Cordula,Thaxter,Blocked,Female,4/23/2013
476,Salli,Vanyukov,Suspended,Female,6/23/2017
477,Florie,McGibbon,Inactive,Female,3/18/2016
478,Doreen,Frany,Inactive,Female,5/9/2017
479,Caryl,Luis,Suspended,Male,4/20/2015
480,Janean,Beiderbecke,Active,Female,2/22/2013
481,Odelinda,Newland,Inactive,Female,5/10/2017
482,Maximilian,McNair,Inactive,Male,4/7/2014
483,Marjory,Praton,Inactive,Female,2/27/2010
484,Kermie,Skelhorn,Blocked,Male,3/16/2013
485,Tann,Olexa,Active,Male,6/30/2011
486,Zacharie,Ruddin,Inactive,Male,8/20/2013
487,Howie,Heiton,Blocked,Male,5/19/2013
488,Derrek,Benditt,Suspended,Male,4/21/2013
489,Wilfrid,Keyse,Active,Male,7/10/2017
490,Blayne,Skehens,Suspended,Male,8/5/2014
491,Mohammed,Hows,Active,Male,2/26/2017
492,Algernon,Moneypenny,Active,Male,12/23/2015
493,Pavia,Cleary,Inactive,Female,3/14/2011
494,Carry,Merioth,Inactive,Female,2/14/2011
495,Keir,Rosenberg,Inactive,Male,3/19/2010
496,Rupert,Woods,Blocked,Male,7/1/2017
497,Gloriana,Marthen,Blocked,Female,8/8/2017
498,Helenelizabeth,Chavrin,Inactive,Female,11/10/2011
499,Ewan,Course,Blocked,Male,11/10/2013
500,Even,Elven,Inactive,Male,3/21/2011
501,Reggi,Rosita,Suspended,Female,2/20/2017
502,Colly,Kidde,Suspended,Female,4/23/2011
503,Isacco,Weild,Inactive,Male,9/25/2016
504,Beryl,Smerdon,Suspended,Female,3/28/2011
505,Sigismond,Daintry,Active,Male,12/20/2015
506,Emmanuel,Rabl,Blocked,Male,11/12/2010
507,Celisse,Stuck,Active,Female,9/10/2011
508,Denise,Petry,Inactive,Female,9/7/2014
509,Alberto,Dmisek,Suspended,Male,4/11/2012
510,Sandra,Weeke,Active,Female,1/15/2013
511,Morty,Goldring,Blocked,Male,12/12/2016
512,Jarvis,Feld,Inactive,Male,3/1/2011
513,Benjamin,Jakes,Active,Male,12/28/2016
514,Orelle,Warters,Suspended,Female,1/4/2010
515,Avigdor,McClymont,Inactive,Male,3/2/2016
516,Graig,Gate,Blocked,Male,10/14/2011
517,Coralyn,Hendriks,Suspended,Female,1/21/2014
518,Garrard,Cannop,Suspended,Male,8/9/2014
519,Cleve,Vautre,Suspended,Male,2/22/2012
520,Mag,Steffans,Inactive,Female,7/15/2014
521,Elvina,Mityashev,Suspended,Female,8/18/2017
522,Maris,Growcock,Suspended,Female,5/11/2015
523,Lorne,Cureton,Active,Female,1/18/2016
524,Lucio,Tregona,Active,Male,7/6/2010
525,Chickie,Antonovic,Blocked,Female,7/10/2017
526,Werner,Saint,Inactive,Male,5/22/2016
527,Warren,Capeling,Inactive,Male,5/30/2014
528,Nat,Enticott,Active,Male,5/23/2010
529,Milly,Caton,Active,Female,4/20/2016
530,Gran,Samett,Inactive,Male,7/25/2011
531,Calvin,Hampstead,Inactive,Male,12/21/2014
532,Elia,Williams,Suspended,Male,7/14/2013
533,Keen,Shiers,Blocked,Male,4/1/2017
534,Cole,Slay,Blocked,Male,5/23/2012
535,Buddy,Grewes,Active,Male,4/23/2017
536,Katrine,Krzyzanowski,Blocked,Female,8/22/2013
537,Marcille,Skaif,Blocked,Female,7/23/2010
538,Tam,Acedo,Active,Male,8/4/2014
539,Misha,Steels,Inactive,Female,10/8/2010
540,Mirabella,Passfield,Active,Female,12/4/2012
541,Bettye,Pentony,Blocked,Female,6/28/2014
542,Ora,Keam,Blocked,Female,6/11/2010
543,Hughie,Lendon,Blocked,Male,5/22/2013
544,Waly,Dmiterko,Blocked,Female,12/9/2011
545,Ambrosio,Winspare,Inactive,Male,3/13/2015
546,Chancey,Whiskerd,Blocked,Male,11/24/2010
547,Jeremie,Lestor,Active,Male,9/21/2011
548,Teena,Fairburne,Active,Female,4/21/2015
549,Brett,Eustace,Blocked,Female,3/25/2010
550,Danna,Burgot,Suspended,Female,3/29/2012
551,Dennet,Routham,Blocked,Male,9/9/2012
552,Isabel,Cully,Suspended,Female,12/8/2016
553,Alphonso,de Werk,Inactive,Male,8/31/2016
554,Elfie,Stobbart,Suspended,Female,6/14/2014
555,Nollie,Blench,Active,Male,2/7/2012
556,Antoine,Palmar,Suspended,Male,2/25/2013
557,Erna,Simondson,Suspended,Female,3/24/2013
558,Glyn,Duthie,Suspended,Male,6/20/2016
559,Valle,Bagge,Active,Male,1/17/2012
560,Jeanie,Pottiphar,Suspended,Female,3/13/2016
561,Reece,Antosch,Suspended,Male,7/2/2015
562,Melissa,Prigg,Blocked,Female,3/8/2011
563,Gerianne,Towse,Suspended,Female,5/26/2010
564,Hew,Boncoeur,Suspended,Male,5/18/2014
565,Chariot,Attril,Blocked,Male,2/16/2016
566,Hugh,Philippault,Active,Male,2/28/2010
567,Elladine,Swettenham,Inactive,Female,10/27/2010
568,Bobine,Keepin,Suspended,Female,5/27/2012
569,Abbott,Bahls,Inactive,Male,9/8/2010
570,Jeremie,Janes,Blocked,Male,1/8/2011
571,Audie,Luciano,Suspended,Female,7/12/2014
572,Danit,Caddell,Inactive,Female,9/13/2010
573,Spencer,Cheer,Blocked,Male,5/5/2017
574,Shelia,Lilleman,Blocked,Female,8/5/2014
575,Ebba,Fickling,Blocked,Female,6/16/2014
576,Zak,Golightly,Blocked,Male,4/14/2012
577,Augie,Eynald,Blocked,Male,1/21/2010
578,Lesley,Petri,Suspended,Female,6/22/2016
579,Hobart,Woolward,Blocked,Male,7/10/2010
580,Klarrisa,Loble,Suspended,Female,5/29/2014
581,Page,Sinnocke,Inactive,Male,9/13/2015
582,Brendis,Joll,Inactive,Male,8/24/2013
583,Flemming,Toretta,Inactive,Male,3/30/2017
584,Robinett,Rochford,Suspended,Female,1/15/2017
585,Almeria,Wale,Blocked,Female,11/12/2015
586,Hendrik,MacKereth,Blocked,Male,10/26/2011
587,Katlin,Greatbach,Suspended,Female,10/3/2015
588,Nannie,Rickman,Suspended,Female,9/25/2015
589,Glenden,Orrah,Inactive,Male,7/4/2015
590,Rodrique,Lambert-Ciorwyn,Suspended,Male,2/15/2013
591,Monro,Overland,Suspended,Male,9/11/2016
592,Jozef,Burchall,Active,Male,9/20/2013
593,Matti,Willett,Inactive,Female,7/28/2015
594,Daria,Aps,Inactive,Female,4/29/2016
595,Bobbye,Ambrogetti,Active,Female,7/11/2011
596,Lise,Wainwright,Inactive,Female,9/14/2013
597,Zarah,Quadrio,Suspended,Female,2/4/2014
598,Orlando,Walewicz,Active,Male,9/23/2010
599,Guilbert,Stamp,Suspended,Male,8/15/2011
600,Moss,Collopy,Blocked,Male,4/21/2015
601,Gerrard,Leebeter,Blocked,Male,12/20/2012
602,Izzy,Pattesall,Blocked,Male,8/11/2010
603,Matti,Orry,Blocked,Female,5/30/2014
604,Shurlock,Matskiv,Blocked,Male,12/6/2015
605,Josephine,Grellier,Suspended,Female,8/24/2014
606,Stefanie,Quinane,Active,Female,5/2/2014
607,Tate,Huthart,Inactive,Male,5/16/2012
608,Bibbie,Broggetti,Blocked,Female,3/28/2011
609,Veriee,Trustie,Active,Female,10/5/2010
610,Kesley,Hawkswell,Active,Female,2/3/2012
611,Noland,Raymen,Inactive,Male,4/16/2013
612,Kaspar,Bambury,Inactive,Male,6/14/2017
613,Beth,Brislane,Inactive,Female,2/12/2016
614,Sheffield,Kiddell,Blocked,Male,1/17/2015
615,Henryetta,Waterstone,Blocked,Female,1/23/2011
616,Aluino,Luckwell,Suspended,Male,5/2/2010
617,Vincent,Spykings,Blocked,Male,4/11/2013
618,Kaila,Andriuzzi,Inactive,Female,4/5/2011
619,Miguel,Worster,Active,Male,3/30/2013
620,Madlin,MacAllan,Active,Female,5/19/2016
621,Sherlock,Fishbourne,Inactive,Male,9/9/2010
622,Dion,Dusting,Suspended,Female,8/10/2012
623,Ralf,Earl,Blocked,Male,3/8/2015
624,Jerrylee,Shippam,Blocked,Female,7/17/2012
625,Lenci,Pheby,Inactive,Male,4/1/2016
626,Garvey,Delyth,Suspended,Male,2/1/2015
627,Kath,McDugal,Active,Female,11/4/2015
628,Stevie,Basford,Blocked,Male,6/3/2011
629,Nessy,Ditch,Suspended,Female,9/21/2011
630,Francis,Marsters,Suspended,Male,7/25/2011
631,Binni,Schiesterl,Inactive,Female,5/28/2014
632,Bronnie,Choldcroft,Inactive,Male,2/7/2010
633,Gillan,Choak,Suspended,Female,10/26/2012
634,Cinderella,Zorzini,Blocked,Female,5/16/2016
635,Wylie,O'Nion,Blocked,Male,4/15/2017
636,Joann,McCathay,Blocked,Female,4/27/2013
637,Gena,Warren,Blocked,Female,2/21/2014
638,Keelia,Thurske,Blocked,Female,12/19/2011
639,Earlie,Eilhart,Inactive,Male,11/18/2010
640,Tamera,Muglestone,Active,Female,4/23/2011
641,Esteban,Morratt,Active,Male,1/20/2012
642,Mallory,Fitt,Suspended,Male,8/28/2010
643,Luis,Guidelli,Suspended,Male,8/16/2011
644,Elli,Hamlyn,Blocked,Female,9/9/2014
645,Rowland,Wharin,Blocked,Male,12/9/2013
646,Ange,Annis,Active,Male,9/24/2014
647,Amos,Pinks,Inactive,Male,12/22/2012
648,Haily,Adame,Active,Female,12/31/2013
649,Glen,Chatel,Active,Male,1/3/2014
650,Bram,Westmancoat,Inactive,Male,7/13/2015
651,Armstrong,Frounks,Blocked,Male,4/12/2017
652,Myra,Sehorsch,Active,Female,7/16/2017
653,Virgie,Andrichak,Inactive,Male,12/20/2016
654,Raquela,Brugmann,Blocked,Female,12/6/2011
655,Gil,Wiltshier,Active,Male,4/23/2014
656,Gunther,Buxsy,Blocked,Male,1/16/2011
657,Flint,Brighty,Blocked,Male,9/1/2012
658,Abagael,Albiston,Inactive,Female,5/18/2011
659,Kacy,Seeler,Blocked,Female,4/10/2010
660,Giovanni,Teague,Inactive,Male,5/18/2017
661,Jenine,Blakeslee,Inactive,Female,9/19/2015
662,Theo,Coulthard,Active,Female,7/30/2014
663,Dianna,Durn,Blocked,Female,10/14/2010
664,Rowen,Simanenko,Blocked,Male,7/5/2014
665,Jdavie,Riseley,Active,Male,6/2/2012
666,Errol,Beaven,Blocked,Male,6/18/2011
667,Salomo,Matthensen,Suspended,Male,9/19/2016
668,Maurene,Haydon,Active,Female,5/16/2016
669,Towney,Gregorio,Suspended,Male,11/25/2013
670,Alexa,Judron,Blocked,Female,9/29/2011
671,Blake,Brearty,Blocked,Male,3/23/2016
672,Curry,Shapira,Inactive,Male,12/15/2011
673,Livvie,Brice,Inactive,Female,3/22/2013
674,Adel,McKimmey,Inactive,Female,4/2/2015
675,Vasilis,Womersley,Blocked,Male,10/8/2015
676,Alina,Sowman,Suspended,Female,8/21/2013
677,Judon,Yitzowitz,Active,Male,9/26/2012
678,Ertha,Hofner,Active,Female,4/8/2010
679,Sioux,Sholl,Suspended,Female,8/16/2014
680,Lorettalorna,Bisacre,Suspended,Female,3/19/2011
681,Wye,Margerison,Active,Male,1/27/2016
682,Barbabra,Cattel,Active,Female,1/18/2017
683,Tommi,Baldinotti,Inactive,Female,4/7/2015
684,Elton,Dimbleby,Blocked,Male,4/26/2015
685,Annelise,Kobke,Inactive,Female,7/20/2015
686,Sansone,Favell,Suspended,Male,6/30/2011
687,Cordelia,Minet,Inactive,Female,8/24/2017
688,Nevile,Gehringer,Blocked,Male,5/4/2015
689,Cherise,Inder,Active,Female,7/28/2017
690,Calley,Gammon,Active,Female,1/3/2017
691,Helene,Guyers,Suspended,Female,6/21/2012
692,Florie,Balmann,Blocked,Female,5/31/2010
693,Cosetta,Darwen,Inactive,Female,11/9/2013
694,Clayborne,Linstead,Blocked,Male,4/14/2013
695,Muffin,Blankett,Suspended,Male,8/18/2013
696,Julia,Whisker,Blocked,Female,11/11/2015
697,Ashien,Shurmore,Blocked,Female,6/22/2016
698,Esma,Maffin,Suspended,Female,11/15/2015
699,Annabel,Addison,Inactive,Female,2/24/2013
700,Olag,Becks,Blocked,Male,10/29/2012
701,Renie,Myner,Blocked,Female,5/9/2014
702,Barnabe,Micheau,Inactive,Male,7/2/2017
703,Quinlan,Aughton,Suspended,Male,1/29/2014
704,Cirilo,Paszek,Active,Male,1/30/2013
705,Allys,Maris,Inactive,Female,4/16/2016
706,Griff,Salterne,Blocked,Male,12/30/2012
707,Hodge,Rider,Inactive,Male,12/12/2013
708,Zaccaria,O' Meara,Active,Male,3/30/2013
709,Zandra,Boxen,Inactive,Female,12/10/2010
710,Jeni,Pateman,Active,Female,9/12/2012
711,Adelaide,Annandale,Suspended,Female,2/24/2013
712,Noach,Mulgrew,Inactive,Male,2/23/2014
713,Ferrell,Bedford,Suspended,Male,3/5/2016
714,Ricard,Wickham,Blocked,Male,7/19/2012
715,Hy,Stieger,Inactive,Male,6/22/2011
716,Ola,Swinburne,Blocked,Female,9/26/2010
717,Sunny,McGrae,Suspended,Female,2/14/2011
718,Thedrick,Molyneux,Blocked,Male,6/8/2010
719,Marcelline,O'Doohaine,Inactive,Female,1/22/2015
720,Emmy,Point,Blocked,Male,8/3/2011
721,Lula,Manuele,Active,Female,7/3/2014
722,Ciel,Fullard,Suspended,Female,3/19/2017
723,Tobey,Poznan,Inactive,Female,8/22/2014
724,Romeo,Ecclestone,Inactive,Male,10/7/2010
725,Otto,Whipple,Active,Male,10/11/2010
726,Maggee,Liger,Inactive,Female,1/12/2010
727,Lek,Jouaneton,Suspended,Male,10/3/2012
728,Brigit,Pauwel,Active,Female,5/9/2010
729,Corny,Smallthwaite,Active,Male,1/30/2012
730,Juan,Seed,Blocked,Male,9/27/2011
731,Judon,Dudgeon,Blocked,Male,3/15/2012
732,Kristan,Paulat,Active,Female,9/19/2013
733,Shepard,Benezeit,Suspended,Male,9/16/2016
734,Shadow,Kiehnlt,Blocked,Male,9/23/2013
735,Malinde,Bellham,Blocked,Female,9/16/2014
736,Franky,Golton,Inactive,Female,4/18/2015
737,Jaclin,Fitter,Inactive,Female,11/11/2015
738,Damara,Kimbling,Suspended,Female,4/3/2013
739,Aharon,Crinkley,Active,Male,7/3/2011
740,Ingeberg,Twitty,Blocked,Female,6/2/2013
741,Suki,Cleeton,Blocked,Female,7/17/2010
742,Ring,Ben,Suspended,Male,3/29/2010
743,Jerrome,Eitter,Inactive,Male,12/10/2015
744,Moina,Daulton,Blocked,Female,2/5/2014
745,Donnajean,Copeland,Inactive,Female,8/15/2014
746,Yoshiko,Swainston,Inactive,Female,1/18/2014
747,Rasla,Aristide,Suspended,Female,12/8/2010
748,Faye,Ithell,Blocked,Female,3/2/2011
749,Kaia,Duding,Active,Female,3/18/2017
750,Axe,Leheude,Suspended,Male,5/8/2015
751,Francesca,Dumbarton,Inactive,Female,11/29/2013
752,Emelda,Semor,Inactive,Female,9/1/2010
753,Vassily,Papierz,Inactive,Male,12/15/2014
754,Chandler,Coursor,Blocked,Male,5/11/2014
755,Hermie,Cresswell,Blocked,Male,2/19/2011
756,Lona,Connochie,Suspended,Female,2/14/2012
757,Percival,Densie,Active,Male,6/25/2017
758,Barrie,Chsteney,Inactive,Female,9/6/2010
759,Chet,How,Blocked,Male,1/30/2016
760,Kiley,Edger,Suspended,Male,4/27/2010
761,Kerwin,Norkutt,Active,Male,6/12/2011
762,Heddi,Lyles,Suspended,Female,2/3/2013
763,Teodor,Riping,Inactive,Male,1/1/2017
764,Bliss,Amies,Inactive,Female,6/28/2014
765,Fayette,Acutt,Active,Female,10/12/2010
766,Torin,Laugier,Inactive,Male,1/9/2014
767,Korey,Stritton,Suspended,Male,3/20/2012
768,Chrysler,Dear,Inactive,Female,6/17/2015
769,Maisie,McGilbon,Suspended,Female,3/7/2012
770,Dulcine,Cruess,Active,Female,12/26/2015
771,Emilia,Giggie,Suspended,Female,5/5/2014
772,Maureene,Leadley,Suspended,Female,6/15/2014
773,Elysee,Blyth,Active,Female,10/13/2010
774,Colan,Iacovazzi,Blocked,Male,1/16/2010
775,Aron,McKellar,Inactive,Male,1/27/2012
776,Edith,Hagergham,Inactive,Female,3/12/2017
777,Bradly,Halbord,Active,Male,11/7/2013
778,Lian,Hulburt,Inactive,Female,10/4/2014
779,Torie,Utridge,Blocked,Female,5/27/2017
780,Ranee,Matignon,Inactive,Female,5/12/2014
781,Ambrosius,Mullaly,Suspended,Male,8/19/2015
782,Daile,Owttrim,Suspended,Female,5/7/2017
783,Petra,Poel,Active,Female,5/4/2010
784,Lance,Camerello,Suspended,Male,1/21/2015
785,Addy,Crumley,Inactive,Male,3/12/2013
786,Tootsie,Bucknall,Blocked,Female,8/15/2015
787,Zola,Monckman,Blocked,Female,9/21/2014
788,Mada,Jachimak,Suspended,Female,2/23/2011
789,Si,Hickinbottom,Inactive,Male,10/14/2012
790,Doyle,Philip,Blocked,Male,6/13/2013
791,Normie,Tremaine,Blocked,Male,3/26/2012
792,Susanna,Gussin,Inactive,Female,6/7/2016
793,Janene,Bulpitt,Blocked,Female,9/26/2013
794,Diann,Stempe,Suspended,Female,11/20/2012
795,Kai,Spancock,Suspended,Female,12/24/2012
796,Karen,Southorn,Inactive,Female,4/12/2010
797,Burch,Crosoer,Active,Male,8/14/2012
798,Connor,Burnapp,Inactive,Male,9/28/2013
799,Felizio,Lorenzetto,Active,Male,8/2/2010
800,Rice,Janos,Suspended,Male,7/28/2011
801,Charil,Bennedsen,Suspended,Female,12/27/2011
802,Kassia,Kerss,Suspended,Female,6/27/2013
803,Fay,MacVagh,Suspended,Female,10/2/2014
804,Constantia,Sherwen,Blocked,Female,9/16/2017
805,Demetris,Paxforde,Inactive,Male,3/25/2011
806,Temple,Tuxill,Active,Male,12/23/2016
807,Horacio,Stallwood,Blocked,Male,8/4/2010
808,Thaine,Mercy,Suspended,Male,12/7/2015
809,Hallie,Saundercock,Suspended,Female,8/10/2013
810,Baird,Yearron,Blocked,Male,11/24/2014
811,Tiphany,Lote,Inactive,Female,9/6/2013
812,Giselle,Kraft,Inactive,Female,6/23/2014
813,Sherri,Reucastle,Blocked,Female,1/22/2012
814,Edgar,Brace,Suspended,Male,10/13/2013
815,Marketa,Hallawell,Suspended,Female,11/13/2010
816,Farand,Jephcote,Suspended,Female,12/8/2016
817,Merola,Loffel,Blocked,Female,11/27/2011
818,Zared,Parrot,Active,Male,1/28/2011
819,Darcy,Huckstepp,Blocked,Female,2/5/2017
820,Silva,Coffey,Suspended,Female,8/21/2014
821,Maiga,Blind,Suspended,Female,4/27/2014
822,Nadia,Lapley,Blocked,Female,5/10/2015
823,Levey,Stode,Blocked,Male,10/7/2014
824,Renard,Pitney,Blocked,Male,6/4/2010
825,Raine,Petracchi,Suspended,Female,8/9/2013
826,Jarrett,Parsonson,Inactive,Male,6/7/2013
827,Bride,Nassie,Active,Female,7/1/2013
828,Redford,Jinda,Inactive,Male,10/6/2012
829,Franny,Clue,Suspended,Female,3/27/2012
830,Lulita,Beldan,Suspended,Female,3/6/2014
831,Benito,Stoffer,Active,Male,1/7/2017
832,Amabel,Ruggier,Blocked,Female,4/5/2013
833,Erasmus,Pablo,Inactive,Male,5/5/2011
834,Ginelle,Thackwray,Suspended,Female,9/28/2011
835,Timmy,Bogies,Active,Male,12/30/2015
836,Rafaellle,Safell,Suspended,Male,1/19/2014
837,Holly-anne,Yanin,Inactive,Female,1/8/2015
838,Brockie,Hibbart,Suspended,Male,3/16/2016
839,Charlean,Beton,Inactive,Female,8/18/2013
840,Morrie,Veale,Suspended,Male,11/5/2016
841,Clevie,Gallon,Active,Male,2/25/2012
842,Daisie,Wiszniewski,Suspended,Female,12/9/2013
843,Marylou,Stares,Active,Female,11/23/2012
844,Brittney,Meneur,Suspended,Female,4/18/2014
845,Morie,Conklin,Active,Male,8/29/2010
846,Brianna,Cund,Inactive,Female,4/3/2011
847,Lazarus,Jaqueminet,Active,Male,5/21/2011
848,Farlie,Chrystie,Suspended,Male,9/24/2013
849,Levey,Luney,Active,Male,8/21/2010
850,Gayel,Pasby,Suspended,Female,4/2/2017
851,Zacharia,Pochet,Blocked,Male,8/22/2017
852,Mommy,Torresi,Blocked,Female,12/23/2016
853,Hernando,Broyd,Active,Male,5/6/2010
854,Reyna,Tringham,Inactive,Female,7/4/2011
855,Gallard,Bon,Active,Male,9/12/2013
856,Brose,Attride,Suspended,Male,1/17/2010
857,Rosemaria,Cave,Suspended,Female,1/18/2011
858,Vergil,Bousquet,Blocked,Male,11/4/2013
859,Blisse,Alesi,Suspended,Female,5/20/2017
860,Trude,McKeever,Inactive,Female,12/20/2011
861,Caspar,Stopher,Active,Male,12/28/2011
862,Bibbie,Mustarde,Inactive,Female,11/14/2013
863,Fletcher,Isaak,Inactive,Male,11/20/2010
864,Evangelia,Myatt,Inactive,Female,11/9/2012
865,Marlena,Plant,Blocked,Female,4/10/2017
866,Lester,Waterman,Active,Male,2/19/2011
867,Farleigh,McCarly,Suspended,Male,4/30/2012
868,Brett,Bowyer,Suspended,Male,1/22/2016
869,Allyce,MacQuaker,Active,Female,11/23/2012
870,Norris,Stranger,Inactive,Male,8/24/2015
871,Percy,Elizabeth,Inactive,Male,7/7/2017
872,Minni,Bagster,Suspended,Female,1/15/2011
873,Niel,Skechley,Blocked,Male,5/18/2010
874,Brnaby,Downing,Inactive,Male,3/23/2014
875,Jewel,MacCaghan,Active,Female,6/23/2015
876,Wilhelmine,Prattington,Suspended,Female,2/5/2014
877,Cissy,Kingscote,Suspended,Female,6/1/2017
878,Lynette,Organer,Inactive,Female,8/4/2017
879,Kristofer,Skermer,Blocked,Male,12/23/2014
880,Kippy,Hartmann,Blocked,Male,8/4/2015
881,Selie,Laffranconi,Suspended,Female,8/3/2013
882,Elsie,Neiland,Suspended,Female,4/22/2010
883,Morgan,Curnucke,Active,Female,3/24/2015
884,Roddy,Vassel,Active,Male,11/26/2015
885,Loleta,Bloore,Inactive,Female,1/1/2010
886,Rafael,Duiged,Active,Male,10/21/2016
887,Sly,Hackney,Inactive,Male,8/24/2011
888,Aylmer,Domange,Active,Male,8/25/2012
889,Pansy,Nulty,Active,Female,5/4/2012
890,Hinze,Aleksidze,Blocked,Male,2/13/2014
891,Maurice,Ducker,Inactive,Male,10/31/2015
892,Sabrina,Ferfulle,Blocked,Female,12/1/2016
893,Flo,Connaughton,Inactive,Female,5/3/2015
894,Benyamin,Lewinton,Blocked,Male,4/1/2010
895,Laurie,Badrick,Active,Female,5/6/2017
896,Joseito,Shufflebotham,Active,Male,9/24/2010
897,Petey,Yuryichev,Blocked,Male,5/16/2013
898,Winslow,Cotgrove,Inactive,Male,3/27/2016
899,Griz,Sulter,Suspended,Male,8/6/2010
900,Vevay,Wimsett,Suspended,Female,1/4/2011
901,Lance,Keers,Suspended,Male,3/27/2012
902,Sutherland,Heiss,Active,Male,7/24/2014
903,Anni,Goggan,Blocked,Female,1/27/2014
904,Gusella,Goracci,Suspended,Female,7/27/2016
905,Myrtice,Raulston,Suspended,Female,12/10/2011
906,Ram,Keppel,Blocked,Male,6/23/2011
907,Candi,Palphreyman,Suspended,Female,10/6/2010
908,Nap,Loxley,Blocked,Male,1/26/2011
909,Trent,Vales,Suspended,Male,4/15/2017
910,Dexter,Jenckes,Inactive,Male,1/4/2015
911,Dag,Fominov,Active,Male,12/7/2012
912,Whitby,Snaddin,Active,Male,6/5/2014
913,Maritsa,Olivier,Inactive,Female,4/28/2013
914,Fairlie,Dixson,Suspended,Male,4/1/2013
915,Garrick,MacDaid,Suspended,Male,11/23/2014
916,Jerri,McOwan,Active,Male,3/2/2013
917,Nataniel,Ledgley,Inactive,Male,11/15/2014
918,Sheila,Glading,Suspended,Female,3/27/2012
919,Fancie,Riddle,Active,Female,11/2/2011
920,Seymour,Prettjohn,Inactive,Male,2/6/2010
921,Morlee,Harnott,Suspended,Male,5/25/2015
922,Ailina,Westnedge,Inactive,Female,5/4/2010
923,Inna,Haistwell,Inactive,Female,12/3/2010
924,Ulric,Lung,Active,Male,9/22/2013
925,Puff,Kinchin,Blocked,Male,5/22/2010
926,Ethan,Cuerdale,Active,Male,6/13/2011
927,Johnath,Macvey,Active,Female,3/20/2013
928,Delphine,Ubsdale,Active,Female,2/11/2012
929,Gwendolin,Ackermann,Suspended,Female,12/22/2013
930,Flem,Moorman,Active,Male,4/15/2010
931,Bendick,Bampkin,Inactive,Male,1/5/2016
932,Lane,Hammerberger,Blocked,Female,2/24/2015
933,Ingunna,Clay,Inactive,Female,7/3/2015
934,Fulton,Weatherdon,Suspended,Male,12/12/2014
935,Harriet,Corbridge,Suspended,Female,3/6/2016
936,Hyacinthia,Buzek,Active,Female,8/3/2010
937,Demetria,Puddefoot,Suspended,Female,10/27/2014
938,Sean,Standbridge,Inactive,Male,10/9/2012
939,Berty,Roderigo,Suspended,Male,1/10/2011
940,Kinsley,Maudling,Blocked,Male,11/17/2016
941,Roth,Ovenell,Active,Male,1/21/2015
942,Kimmie,Binding,Blocked,Female,9/13/2010
943,Chuck,Beavon,Active,Male,11/3/2012
944,Angie,Penticoot,Inactive,Female,11/21/2016
945,Jimmy,Pedreschi,Inactive,Male,8/25/2013
946,Way,Kielty,Active,Male,5/19/2016
947,Vera,Malzard,Suspended,Female,2/2/2012
948,Bernie,Sedwick,Blocked,Female,4/18/2010
949,Egbert,Fortescue,Inactive,Male,5/24/2015
950,Cazzie,Fallens,Inactive,Male,2/7/2013
951,Gloria,Bertelsen,Inactive,Female,10/29/2014
952,Kurtis,Clynter,Suspended,Male,3/21/2012
953,Austen,Wilfling,Inactive,Male,6/22/2013
954,Dallis,Dillingston,Blocked,Male,3/23/2014
955,Angelia,Feldberg,Active,Female,3/15/2014
956,Huey,Trye,Blocked,Male,12/5/2014
957,Hugh,Scatchard,Inactive,Male,7/25/2010
958,Regan,Sercombe,Active,Male,3/4/2017
959,Jacinthe,Janda,Suspended,Female,2/7/2017
960,Wernher,MacCallester,Suspended,Male,11/12/2012
961,Katya,Agius,Inactive,Female,8/30/2013
962,Mickie,Slegg,Inactive,Male,2/21/2012
963,Jorge,Atyea,Blocked,Male,8/19/2016
964,Sonny,Hawthorn,Blocked,Male,1/18/2014
965,Mari,Glendza,Blocked,Female,5/2/2010
966,Kris,Scalera,Inactive,Male,12/18/2015
967,Sam,Venditto,Blocked,Male,10/21/2014
968,Raff,Beldham,Suspended,Male,3/24/2016
969,Tiffi,Cuerdall,Inactive,Female,1/10/2011
970,Rasia,Stonnell,Inactive,Female,1/11/2015
971,Molly,Glanders,Inactive,Female,7/3/2015
972,Helenka,Dripps,Suspended,Female,3/12/2013
973,Babette,Titley,Inactive,Female,10/31/2016
974,Helene,MacBean,Inactive,Female,2/14/2015
975,Sterne,Van Hove,Suspended,Male,2/7/2013
976,Alfy,Noell,Blocked,Male,11/28/2011
977,Daron,O'Currigan,Active,Male,3/21/2012
978,Gherardo,Gerhts,Suspended,Male,11/23/2010
979,Powell,McMinn,Active,Male,5/23/2010
980,Rudolph,Begin,Suspended,Male,3/27/2017
981,Eleanora,Arnaez,Active,Female,11/6/2012
982,Gilbertine,Capel,Suspended,Female,8/18/2016
983,Madella,Lundie,Active,Female,5/1/2015
984,Lin,Schoenfisch,Active,Male,3/17/2011
985,Audy,Reynalds,Inactive,Female,9/19/2011
986,Wilek,Doneld,Active,Male,5/27/2010
987,Fanni,Lowsely,Inactive,Female,1/27/2017
988,Junie,Heistermann,Active,Female,9/1/2010
989,Caralie,Valentine,Suspended,Female,12/1/2012
990,Blithe,McShirie,Suspended,Female,6/20/2015
991,Josey,Izat,Inactive,Female,10/25/2014
992,Ester,Laxston,Active,Female,5/3/2010
993,Doreen,Bollin,Inactive,Female,1/7/2014
994,Carmelle,Monks,Suspended,Female,1/19/2015
995,Merrili,Lovekin,Suspended,Female,2/7/2010
996,Bernetta,Tett,Suspended,Female,11/12/2013
997,Vergil,McJury,Inactive,Male,4/28/2014
998,Louella,Randell,Active,Female,12/20/2010
999,Barrett,Zarfai,Active,Male,1/22/2011
1000,Meredith,Tibald,Suspended,Female,8/26/2011
